CID,race,gender,birthord,magebirth,medu,bthwht,breastfed,math,read,hhnum
303,3,0,3,24,13,0,1,74,80,5
1601,3,1,1,31,13,0,1,105,135,5
1901,3,0,1,29,12,0,1,91,109,2
2001,3,0,1,30,16,0,0,112,135,3
2501,3,1,1,30,14,0,1,105,117,4
2701,3,0,1,27,16,0,1,102,120,4
2702,3,1,2,31,16,0,1,103,109,4
3501,3,0,1,26,13,0,0,99,110,4
3701,3,0,1,31,12,0,1,115,118,3
4302,3,0,2,27,12,0,0,98,81,5
4402,3,0,2,24,12,0,0,100,112,4
4902,3,1,2,28,14,0,1,104,92,4
5001,3,1,1,26,12,0,1,111,112,5
5002,3,1,2,29,12,0,0,107,105,5
5802,3,0,2,27,17,0,0,122,115,5
5803,3,1,3,31,17,0,0,112,123,5
6101,3,0,1,30,14,0,1,116,125,4
7801,3,0,1,31,16,0,1,123,135,5
7802,3,0,2,34,16,0,1,106,109,5
8901,2,0,1,27,16,0,1,97,108,6
9202,3,1,2,29,12,0,0,85,106,4
9501,3,1,1,25,12,0,1,113,108,5
9502,3,1,2,26,12,0,1,89,94,5
9503,3,1,3,28,12,0,1,121,128,5
9602,3,0,2,25,11,0,0,101,109,4
9701,3,1,1,29,12,1,0,115,113,4
9702,3,1,2,31,12,1,0,99,106,4
9801,3,1,1,30,13,0,1,123,112,5
9901,3,1,1,29,14,0,0,115,135,4
10001,3,1,1,21,12,0,1,105,115,3
11103,3,1,3,27,12,0,1,103,107,5
12401,3,0,1,27,15,0,0,113,116,4
12402,3,1,2,28,15,0,0,120,118,4
12802,3,0,2,27,12,0,0,93,106,4
13301,3,1,1,29,12,0,1,116,121,3
13701,3,1,1,26,16,0,0,126,125,4
13702,3,0,2,29,16,0,0,116,113,4
13801,3,1,1,26,16,0,0,135,121,5
13802,3,1,2,28,16,0,1,120,131,5
14901,3,0,1,27,12,0,1,107,112,4
15301,3,1,1,22,12,0,0,89,100,3
15302,3,0,2,23,12,0,0,84,107,3
15801,3,0,1,26,16,0,0,86,116,4
15802,3,1,2,30,16,0,0,93,120,4
16001,3,1,1,30,14,0,0,102,105,3
16501,3,0,1,27,12,0,1,102,123,5
16502,3,0,2,31,12,0,1,107,109,5
16701,3,1,1,24,12,0,1,104,98,3
16702,3,0,2,27,12,0,1,97,102,3
17401,1,1,1,25,13,0,0,111,107,4
17402,1,1,2,29,13,0,0,105,112,4
18003,3,1,3,27,16,0,0,112,115,6
18301,3,1,1,26,12,0,1,88,103,5
18302,3,1,2,29,12,0,1,90,77,5
18303,3,0,3,32,12,0,1,102,114,5
18601,3,1,1,31,18,0,1,93,102,3
19201,3,0,1,27,16,0,1,112,107,4
20402,1,0,2,27,11,0,1,117,116,3
22101,2,1,1,21,10,0,1,69,65,5
22102,2,1,2,23,10,0,0,80,89,5
22103,2,0,3,24,10,0,0,65,65,5
22104,2,0,4,26,10,0,0,100,93,5
22703,2,1,3,27,9,0,0,107,103,3
22901,3,1,1,29,11,0,1,103,105,2
23101,3,0,1,32,12,0,0,100,112,4
23601,3,1,1,26,13,0,0,125,113,5
23602,3,1,2,29,13,0,0,109,98,5
24001,3,1,1,22,12,0,1,116,102,4
24002,3,0,2,24,12,0,1,110,108,4
24201,3,0,1,27,12,0,1,101,121,3
24403,3,0,3,34,12,0,1,107,98,4
24501,3,0,1,29,14,0,1,108,115,4
24902,3,0,2,21,17,0,0,84,88,5
25002,3,0,2,27,12,0,0,122,102,4
25202,3,1,2,27,12,0,1,107,135,4
25403,3,1,3,28,12,0,0,128,131,6
25502,3,0,2,21,12,0,0,114,120,7
25503,3,0,3,24,12,0,0,114,116,7
25504,3,0,4,28,12,0,0,117,131,7
25803,3,1,3,26,14,0,0,119,105,4
26201,3,0,1,24,12,0,0,123,135,4
26202,3,0,2,32,12,0,0,109,103,4
26501,3,0,1,28,16,0,1,113,116,6
26502,3,0,2,29,16,0,1,100,98,6
27501,3,0,1,28,14,0,0,111,116,4
27801,3,0,1,26,13,1,0,115,117,5
27802,3,0,2,31,13,0,0,131,125,5
28201,3,0,1,28,16,0,0,116,117,4
28503,1,1,3,24,10,0,0,92,87,5
28802,3,1,2,24,12,0,0,112,107,4
28902,3,0,2,23,12,0,0,87,105,3
29201,3,1,1,32,18,0,1,128,111,4
29202,3,1,2,34,18,0,1,118,121,4
29301,3,0,1,26,13,0,1,101,109,4
29302,3,1,2,28,13,0,1,103,123,4
31202,3,1,2,23,14,1,1,106,103,5
31403,3,1,3,26,12,0,0,98,106,7
33302,2,1,2,31,12,0,0,97,97,4
33501,2,0,1,32,15,0,1,135,116,2
33802,2,0,2,26,12,0,1,94,84,4
34003,2,0,3,25,12,0,0,99,101,5
34401,3,1,1,30,16,0,1,128,135,4
34402,3,0,2,31,16,0,1,123,135,4
34701,3,1,1,26,18,0,1,122,109,4
34702,3,0,2,27,18,0,0,120,119,4
35401,3,1,1,32,12,0,1,108,135,4
36901,3,0,1,32,16,1,1,119,119,4
37902,2,1,2,21,8,0,0,94,107,5
38501,2,1,1,24,12,0,1,65,69,5
38502,2,0,2,26,12,1,1,65,90,5
38801,2,0,1,24,15,0,0,103,96,11
38802,2,1,2,27,15,0,0,75,79,11
39102,2,0,2,21,12,0,0,93,110,5
39103,2,0,3,28,12,0,0,91,109,5
39501,2,0,1,21,14,0,1,102,114,3
39502,2,0,2,23,14,1,0,91,113,3
39901,3,0,1,27,17,0,1,126,114,3
40001,3,0,1,28,16,0,1,107,116,3
40102,3,0,2,26,8,0,0,89,97,4
40202,3,0,2,27,12,0,1,100,87,6
40501,3,1,1,32,13,0,0,87,100,5
41601,3,1,1,26,19,0,1,107,131,6
41602,3,0,2,29,19,0,1,126,126,6
41603,3,1,3,31,19,0,0,110,107,6
41604,3,0,4,34,19,0,0,108,135,6
42504,3,1,4,34,10,0,1,104,98,5
43101,3,1,1,27,14,0,1,106,105,5
43102,3,1,2,29,14,0,0,102,102,5
43103,3,0,3,30,14,0,0,105,103,5
43702,3,1,2,26,12,0,1,96,95,5
43703,3,1,3,29,12,0,1,110,110,5
43801,3,0,1,24,13,0,0,109,101,3
44401,3,0,1,28,16,0,1,105,118,4
45501,3,0,1,30,20,0,1,107,126,4
45502,3,0,2,32,20,0,1,105,101,4
45901,3,1,1,27,16,0,1,118,122,5
46501,3,1,1,20,12,0,0,103,105,4
47401,3,1,1,28,12,0,0,107,118,4
47402,3,1,2,30,12,0,0,116,93,4
47601,3,0,1,26,12,1,1,107,123,4
48502,3,1,2,27,10,0,0,96,107,4
49201,3,1,1,28,12,0,0,108,135,5
49202,3,1,2,30,12,0,0,107,115,5
49401,3,0,1,27,15,0,1,98,107,4
49402,3,1,2,29,15,0,1,113,95,4
49501,3,1,1,25,13,0,0,118,131,3
49502,3,0,2,28,13,0,0,99,113,3
50402,3,0,2,25,9,0,0,98,103,3
50601,3,0,1,31,16,0,0,96,104,2
50701,3,1,1,23,14,0,1,113,104,4
50702,3,0,2,25,14,0,1,105,93,4
53601,3,0,1,25,10,0,0,92,103,4
53602,3,1,2,29,10,0,0,102,91,4
54202,3,0,2,25,10,0,1,110,117,4
54401,3,0,1,28,12,0,1,115,113,3
54602,3,1,2,25,10,0,0,97,85,4
55201,3,1,1,24,16,0,1,119,98,4
55202,3,0,2,27,16,0,1,126,119,4
55701,3,1,1,28,17,0,1,107,118,6
55702,3,0,2,30,17,0,1,99,118,6
55703,3,1,3,32,17,0,1,110,110,6
55801,3,0,1,28,17,0,1,104,115,5
56801,3,0,1,29,12,0,1,104,107,3
57901,3,0,1,25,12,0,1,116,126,4
57902,3,0,2,29,12,0,1,123,121,4
58504,3,1,4,26,9,0,0,102,93,6
58505,3,1,5,28,9,0,0,117,102,6
58803,3,1,3,26,8,1,0,93,91,7
60402,3,1,2,28,15,0,1,107,109,6
60801,3,1,1,26,16,0,1,114,113,5
60802,3,1,2,30,16,0,1,86,104,5
61102,3,0,2,27,14,0,1,112,126,4
61502,3,1,2,28,10,1,0,91,101,4
61905,3,0,5,27,12,0,0,108,102,7
61906,3,0,6,30,12,0,0,96,92,7
62101,2,0,1,26,11,1,0,111,95,5
62102,2,1,2,29,11,0,0,116,95,5
62201,2,0,1,24,14,0,0,131,126,4
62703,3,1,3,32,12,0,1,99,116,6
64001,3,0,1,22,12,0,0,110,109,4
64002,3,1,2,26,12,0,1,109,95,4
64201,3,0,1,25,12,0,1,94,103,4
64202,3,1,2,26,12,0,0,85,91,4
65001,3,1,1,31,16,1,1,107,97,4
65601,3,0,1,26,18,0,1,128,128,4
65602,3,1,2,29,18,0,1,99,109,4
66001,3,0,1,28,14,0,1,123,103,5
66002,3,1,2,30,14,0,1,108,104,5
66201,3,1,1,26,12,0,1,111,95,5
66202,3,0,2,28,12,0,1,97,93,5
66401,3,0,1,28,17,0,1,125,118,4
66402,3,0,2,33,17,0,1,82,135,4
67701,2,0,1,23,12,0,0,82,99,5
67702,2,1,2,27,12,0,0,135,106,5
67703,2,0,4,28,12,1,0,100,116,5
67704,2,0,3,28,12,0,0,94,112,5
68802,3,0,2,27,14,1,1,107,106,2
68901,3,0,1,22,13,0,0,99,102,3
68902,3,0,2,28,13,1,0,109,105,3
69202,3,1,2,22,13,0,0,77,72,3
70402,3,0,2,26,13,0,1,74,111,4
70603,3,0,3,28,13,0,1,98,110,7
70604,3,0,4,30,13,0,0,83,80,7
71202,3,1,2,27,13,0,1,103,88,4
71302,3,0,2,25,12,0,0,104,125,4
72102,3,1,2,26,13,0,1,79,82,1
72401,3,1,1,24,15,0,1,107,120,3
72602,3,1,2,27,15,0,0,98,91,5
73301,3,0,2,21,13,1,1,92,107,6
73302,3,0,1,21,13,1,1,86,101,6
73303,3,0,3,26,13,0,0,90,104,6
73304,3,1,4,27,13,0,1,101,104,6
73601,3,1,1,20,12,0,0,114,125,4
73602,3,1,2,24,12,0,0,110,108,4
73903,3,0,3,29,12,0,0,111,126,3
74602,3,1,2,29,13,0,0,112,98,4
75503,1,0,3,29,12,1,0,94,100,4
75602,1,1,2,20,12,0,0,92,106,6
75603,1,0,3,26,12,0,0,90,98,6
75604,1,0,4,28,12,0,0,93,98,6
76402,1,1,2,22,14,0,0,93,115,6
76403,1,1,3,23,14,0,0,115,113,6
76404,1,1,4,25,14,0,0,116,118,6
76405,1,1,5,27,14,0,0,109,118,6
76802,3,1,2,25,12,0,1,107,99,5
76803,3,0,3,27,12,0,1,89,110,5
77501,3,0,1,26,16,0,1,99,125,5
77502,3,1,3,28,16,1,0,106,103,5
77503,3,1,2,28,16,0,0,114,114,5
77901,3,0,1,24,14,0,1,110,111,2
79001,3,1,1,27,12,0,0,101,97,2
79202,3,1,2,24,16,0,1,111,135,6
79203,3,1,3,28,16,0,1,112,95,6
80102,3,0,2,24,12,0,0,111,107,4
80103,3,1,3,28,12,0,0,92,100,4
80303,3,0,3,27,12,0,1,107,109,6
80401,3,1,1,21,12,0,1,108,100,5
80402,3,0,2,23,12,0,1,120,99,5
81001,3,0,1,28,16,0,0,122,108,3
81402,3,1,2,27,12,0,0,104,128,5
82801,3,0,1,28,14,0,1,102,116,4
82802,3,1,2,30,14,0,1,106,102,4
82901,3,0,1,31,18,0,1,94,131,4
83101,2,0,1,21,12,0,0,94,103,4
83102,2,0,2,24,12,1,0,94,97,4
83103,2,0,3,29,12,1,0,101,101,4
83402,2,0,2,28,12,0,0,100,90,4
83502,2,0,2,22,13,0,0,95,92,3
83602,1,1,2,27,8,0,0,114,112,5
83603,1,1,3,30,8,1,0,98,102,5
84102,3,0,2,27,12,0,1,65,77,4
85401,3,1,1,23,12,0,0,96,105,4
85402,3,1,2,27,12,0,0,100,96,4
85403,3,1,3,29,12,0,0,89,101,4
85602,3,1,2,24,13,0,1,105,95,4
87501,3,1,1,33,12,0,1,101,99,3
88002,3,1,2,27,17,0,1,104,113,5
88003,3,0,3,29,17,0,1,106,116,5
88701,3,1,1,26,17,0,0,119,113,4
88702,3,1,2,29,17,0,0,85,77,4
88902,3,1,2,25,14,0,1,94,115,4
89301,3,1,1,25,12,0,1,114,98,5
89302,3,1,2,27,12,0,1,109,107,5
89303,3,1,3,31,12,0,1,95,95,5
89501,3,0,1,30,16,1,1,101,110,4
89601,3,1,1,26,16,0,1,128,123,4
89801,3,0,1,25,16,0,1,105,113,5
89802,3,1,2,27,16,0,1,107,117,5
90001,3,1,1,26,15,0,1,107,106,6
90002,3,0,2,28,15,0,1,117,116,6
91201,3,0,1,26,16,0,1,114,112,4
91202,3,1,2,29,16,0,1,131,115,4
91401,1,0,1,30,12,0,1,101,98,4
91801,3,0,1,24,12,0,0,109,86,4
92302,3,1,2,26,12,0,1,105,98,5
92303,3,0,3,27,12,0,1,113,106,5
93203,3,1,3,29,12,0,0,91,109,5
93501,3,0,1,26,12,0,1,121,135,5
93502,3,0,2,27,12,0,1,115,131,5
93503,3,1,3,30,12,0,1,100,116,5
93601,3,1,1,25,14,0,0,111,120,5
93602,3,1,2,28,14,0,0,108,105,5
93603,3,1,3,31,14,0,0,112,119,5
94002,3,1,2,24,12,0,1,116,125,5
94201,3,1,1,27,12,0,1,120,108,4
94202,3,0,2,30,12,0,1,93,98,4
94902,3,1,2,21,12,0,0,89,92,4
96202,3,1,2,23,14,0,1,65,65,4
96203,3,1,3,25,14,0,1,104,92,4
96701,3,1,1,28,12,0,1,113,92,4
97401,3,1,1,28,18,0,1,100,99,4
97402,3,1,2,30,18,0,1,107,109,4
97902,3,1,2,25,12,0,1,89,92,4
98101,3,1,1,26,12,0,0,126,94,4
98102,3,0,2,29,12,0,0,116,93,4
99802,3,0,2,29,12,0,1,92,110,7
99803,3,1,3,31,12,0,0,113,122,7
99901,3,1,1,21,17,0,1,94,113,4
100504,3,0,4,28,10,0,0,105,106,4
100505,3,0,5,29,10,0,0,90,109,4
101501,3,0,1,21,18,0,1,128,126,6
101502,3,1,2,24,18,0,1,107,99,6
101503,3,0,3,28,18,0,1,114,123,6
101701,3,0,1,27,16,0,1,106,102,4
101702,3,1,2,30,16,0,1,105,117,4
102401,3,0,1,28,16,0,1,104,102,3
103003,2,0,3,28,10,0,0,97,87,5
103301,2,1,1,21,10,0,0,107,65,3
103302,2,1,2,25,10,0,0,88,89,3
103501,3,0,1,20,11,0,1,83,106,3
103801,3,1,1,26,14,0,1,91,88,4
103901,3,1,1,28,15,0,1,105,100,2
105603,3,0,3,32,12,0,1,78,91,5
106501,3,1,1,26,12,0,1,98,98,5
106502,3,1,2,29,12,0,1,105,104,5
106503,3,0,3,32,12,0,1,100,93,5
106902,3,1,2,27,10,0,0,117,85,3
107102,2,1,2,21,12,0,1,96,79,6
107103,2,0,3,23,12,0,0,90,100,6
107703,3,1,3,29,9,0,0,117,112,3
108001,3,1,1,23,12,0,1,120,112,5
108002,3,1,2,26,12,0,0,125,117,5
108201,3,1,1,28,16,0,1,96,109,4
110301,3,0,1,35,16,0,1,116,125,3
110401,3,0,1,32,15,0,1,106,119,3
111201,3,1,1,20,12,0,0,89,107,8
111202,3,0,2,21,12,0,0,74,89,8
112304,1,1,4,28,15,0,1,114,135,7
112305,1,1,5,32,15,0,1,107,128,7
113001,1,0,1,30,12,1,1,104,135,4
113101,1,0,1,28,12,0,1,97,107,3
113201,1,1,1,22,12,0,1,102,135,4
113202,1,0,2,26,12,0,0,107,118,4
114101,3,0,1,25,12,0,0,89,95,3
114102,3,0,2,26,12,0,0,111,98,3
115801,2,0,1,25,14,0,0,97,85,4
115901,2,1,1,27,5,0,0,98,128,2
116002,2,0,2,24,14,0,0,65,103,5
116302,3,1,2,27,14,0,0,99,93,3
116402,3,1,2,28,5,0,0,97,103,4
116601,2,0,1,22,13,0,0,89,101,4
116602,2,0,2,28,13,0,0,94,79,4
117202,3,1,2,24,12,0,1,86,94,5
117203,3,1,3,27,12,0,1,106,96,5
117701,3,1,1,27,16,0,0,128,125,4
117901,3,1,1,22,12,0,0,113,81,4
117902,3,1,2,25,12,0,0,107,93,4
118102,3,1,2,31,13,0,0,119,120,5
118401,3,0,1,28,16,0,1,135,125,4
118402,3,0,2,30,16,0,1,128,123,4
118701,3,1,1,27,18,0,1,131,131,5
118702,3,0,2,30,18,0,1,113,109,5
118703,3,0,3,32,18,0,1,101,65,5
119902,3,1,2,30,9,0,1,65,65,4
120702,2,0,2,25,13,0,0,99,126,4
120903,2,0,3,29,14,0,0,114,97,3
121005,2,1,6,28,8,1,0,74,69,9
121006,2,1,5,28,8,1,0,82,74,9
121604,2,0,4,27,11,0,0,97,118,5
122001,2,0,1,20,12,0,0,86,95,5
122103,2,1,3,29,12,0,0,90,72,5
122301,2,0,1,27,13,1,0,89,106,5
122403,2,0,3,28,13,0,0,102,84,5
122704,2,1,4,28,11,0,1,95,110,2
123302,3,1,2,25,14,0,1,108,99,4
123804,3,0,4,26,12,0,0,106,105,6
124104,3,0,4,28,9,1,0,93,91,2
124201,3,0,1,27,11,0,0,93,118,3
124402,3,0,2,21,9,0,1,88,90,5
124601,3,0,1,21,12,0,1,131,103,3
125002,3,0,2,28,12,0,1,95,126,5
125801,3,0,1,23,14,0,1,117,116,6
125802,3,0,2,25,14,0,1,108,113,6
125803,3,0,3,26,14,0,1,128,125,6
125804,3,1,4,28,14,0,0,118,116,6
126101,3,0,1,31,14,0,1,109,111,3
126301,3,1,1,24,12,0,0,90,82,3
127701,3,1,1,26,17,0,1,112,117,3
127902,3,1,2,27,15,0,1,121,114,5
127903,3,1,3,29,15,0,1,110,106,5
128601,2,1,1,27,16,0,0,92,91,3
129002,2,0,2,26,14,0,0,100,102,2
129303,2,1,3,24,14,0,1,93,102,5
129501,2,1,1,23,9,0,0,80,100,4
129502,2,1,2,25,9,0,1,89,88,4
129503,2,1,3,27,9,0,0,91,65,4
129601,3,0,1,23,12,0,0,97,95,4
129602,3,1,2,26,12,0,0,102,89,4
129703,2,1,3,27,11,0,1,86,79,4
130401,3,1,1,22,15,0,1,117,121,4
130402,3,0,2,27,15,0,1,109,110,4
130403,3,1,3,28,15,0,1,106,135,4
130501,3,1,1,29,15,0,1,118,111,4
130603,3,1,3,26,8,0,0,108,112,4
132301,3,1,1,30,17,0,1,107,113,4
132401,3,0,1,23,15,0,1,119,117,6
132402,3,0,2,25,15,0,1,77,104,6
132403,3,1,3,27,15,0,1,111,105,6
132701,3,0,1,25,12,0,0,112,120,4
134103,3,1,3,28,12,0,0,104,94,4
134302,3,1,2,23,13,0,0,65,69,3
135203,3,1,3,26,12,0,1,84,103,5
135601,3,0,1,28,16,0,1,95,103,4
135901,3,0,1,29,18,0,1,135,126,5
135902,3,0,2,35,18,0,0,86,106,5
136001,3,0,1,31,12,0,0,83,94,4
137001,3,1,1,26,12,1,0,118,97,4
137501,2,0,1,29,14,0,0,96,102,3
137603,2,1,3,27,15,0,0,97,101,3
137702,2,1,2,25,13,0,0,101,110,3
137801,2,0,1,28,15,0,0,84,108,3
138102,2,0,2,21,12,1,0,75,72,4
138103,2,0,3,25,12,1,0,75,77,4
138501,2,1,1,26,13,0,0,118,110,3
138901,2,0,1,24,20,0,0,104,135,4
138902,2,1,2,25,20,0,0,103,135,4
139802,3,0,2,26,16,0,1,120,125,3
139901,1,0,1,25,14,0,0,108,103,4
139902,1,0,2,29,14,0,0,123,109,4
140201,1,1,1,28,17,0,1,131,115,3
140606,1,0,6,24,13,0,1,121,116,4
140902,3,1,2,21,12,0,0,98,84,4
141002,3,0,2,29,12,0,0,79,87,3
141405,1,1,5,24,8,1,1,111,86,5
141506,1,1,6,24,12,0,0,80,65,5
142305,3,1,5,29,12,0,1,99,114,7
143501,2,0,1,25,12,0,1,120,135,4
143503,2,1,3,29,12,0,1,97,103,4
143602,2,0,2,24,10,0,0,72,79,4
143603,2,1,3,25,10,0,0,88,87,4
143802,2,0,2,22,11,0,0,93,81,3
143803,2,1,3,26,11,0,0,89,72,3
143901,2,1,1,29,14,0,0,88,99,2
144003,2,0,3,21,13,0,0,88,98,6
144004,2,1,4,22,13,0,0,103,98,6
144201,1,0,1,22,12,0,0,98,87,4
144302,3,0,2,22,12,0,1,114,115,4
144602,2,1,2,25,12,0,0,91,101,5
145103,1,0,3,28,8,0,1,93,95,5
145402,1,0,2,20,12,0,0,95,102,5
146501,3,1,1,20,8,1,1,102,98,3
147402,3,0,2,26,14,0,0,112,114,4
149302,3,1,2,23,12,0,1,99,102,4
149801,3,1,1,26,12,0,0,118,131,3
149902,3,1,2,29,12,0,0,100,116,4
150201,3,1,1,26,16,0,1,114,115,5
151201,3,1,1,28,15,0,1,106,122,4
151202,3,1,2,31,15,0,0,103,135,4
151702,2,0,2,27,12,0,0,75,84,4
151703,2,0,3,28,12,0,0,75,99,4
152201,2,0,1,30,16,0,0,109,115,3
153202,3,1,2,26,11,0,0,93,96,5
153302,1,1,2,26,12,0,0,107,106,4
153402,1,1,2,26,12,0,1,107,108,4
153902,3,1,2,27,12,0,1,118,91,4
154102,3,1,2,24,12,0,1,65,92,4
154603,3,0,3,25,12,0,1,95,101,4
154902,3,0,2,23,12,0,0,97,103,6
154903,3,1,3,26,12,0,1,105,69,6
154904,3,1,4,28,12,0,0,90,88,6
155301,3,0,1,28,12,1,0,118,110,3
156604,3,0,4,24,10,0,1,120,118,7
156605,3,0,5,27,10,0,1,126,112,7
157102,3,0,2,26,15,0,0,87,86,3
157901,3,0,1,30,12,0,1,114,135,3
158401,3,0,1,20,16,1,0,97,122,5
158402,3,1,2,23,16,0,1,119,118,5
158701,3,1,1,25,16,0,1,114,131,4
158702,3,0,2,29,16,0,1,117,135,4
159201,3,0,1,20,10,0,1,116,121,5
159301,3,0,1,25,12,0,1,106,100,3
159604,3,1,4,24,8,0,1,69,65,7
159605,3,0,6,26,8,0,1,72,69,7
159606,3,1,5,26,8,0,1,78,69,7
159801,3,1,1,27,12,0,0,89,94,4
161702,3,1,2,24,12,0,0,93,104,5
161703,3,1,3,26,12,0,0,97,74,5
162301,3,1,1,26,17,0,0,65,94,3
162901,3,1,1,22,12,0,1,102,118,4
162902,3,1,2,26,12,0,1,94,125,4
163401,3,0,1,31,16,0,0,93,107,3
163901,3,1,1,27,16,0,1,112,106,6
163902,3,1,2,29,16,0,1,108,109,6
164001,3,0,1,27,12,0,1,90,98,3
164002,3,1,2,31,12,0,1,113,98,3
164202,1,1,2,21,14,0,0,100,135,5
165003,1,1,3,29,12,0,0,109,109,8
165201,3,0,1,23,13,0,1,122,118,3
165501,3,1,1,28,14,0,1,88,95,4
165502,3,0,2,31,14,0,1,99,86,4
165601,3,0,1,26,12,0,1,104,107,4
165602,3,1,2,33,12,0,1,108,128,4
165701,3,1,1,30,14,0,1,94,88,4
166601,1,0,1,23,15,0,1,99,109,5
166602,1,0,2,25,15,0,1,92,116,5
166603,1,0,3,26,15,0,1,78,82,5
167402,3,0,2,26,12,0,1,105,87,2
167501,3,1,1,31,18,0,1,110,105,5
167601,3,1,1,25,18,0,1,123,118,4
167602,3,1,2,28,18,0,1,126,118,4
169003,1,1,3,25,12,0,0,105,98,5
170403,1,0,3,23,11,0,1,91,74,6
170404,1,0,4,25,11,0,1,90,99,6
171901,2,1,1,30,18,0,1,81,77,3
172501,3,0,1,25,11,0,1,102,113,3
173001,3,0,1,32,16,0,1,105,102,3
173301,3,0,1,26,16,0,1,118,90,3
173401,3,0,1,23,17,0,1,97,123,4
173402,3,1,2,27,17,0,1,113,126,4
173501,3,0,1,27,17,0,1,92,95,5
173502,3,0,2,30,17,0,0,103,111,5
174501,3,0,1,27,17,1,1,93,98,3
174702,3,1,2,26,13,0,1,111,123,2
175404,2,0,4,25,12,0,0,114,112,7
175405,2,0,5,29,12,0,1,92,88,7
176801,3,1,1,28,12,0,0,78,92,3
176902,3,1,2,23,12,0,0,94,84,4
177002,3,1,2,22,11,0,0,82,78,4
177601,3,0,1,29,12,0,0,112,113,4
178503,3,1,3,26,12,0,1,92,107,5
178602,3,0,2,20,12,0,1,107,125,6
178603,3,1,3,23,12,0,1,114,113,6
178604,3,1,4,28,12,0,1,117,109,6
179401,3,1,1,23,13,0,1,94,104,4
179402,3,0,2,28,13,0,0,102,112,4
180401,3,1,1,26,17,0,1,111,128,5
180402,3,1,2,30,17,0,1,123,131,5
182602,3,1,2,23,12,0,0,93,96,4
182903,2,1,3,29,13,0,1,90,88,3
183802,1,1,2,23,12,0,1,100,85,5
183803,1,0,3,26,12,0,1,82,86,5
183901,1,0,1,20,12,0,1,94,90,4
183902,1,1,2,22,12,0,1,113,100,4
184403,3,1,3,27,16,0,1,135,118,8
184405,3,0,5,30,16,0,1,122,117,8
184406,3,0,6,32,16,0,1,100,113,8
184801,1,1,1,23,13,0,0,111,135,4
184802,1,1,2,26,13,1,0,100,113,4
185301,3,1,1,24,12,0,1,114,125,6
185302,3,1,2,26,12,0,1,123,118,6
185802,3,1,2,27,18,0,1,116,125,4
186205,3,0,5,30,12,0,0,94,111,6
186301,3,0,1,28,12,0,0,81,99,5
186302,3,1,2,31,12,0,0,104,114,5
186501,3,0,1,24,12,0,1,93,111,3
186601,3,0,1,27,12,0,0,103,99,3
187001,3,0,1,23,14,1,0,103,116,3
187803,3,1,3,31,12,0,0,102,119,5
188001,3,0,1,28,20,0,0,128,108,4
188002,3,1,2,32,20,0,0,111,112,4
189601,3,1,1,28,15,0,1,117,122,4
189602,3,1,2,31,15,0,0,111,125,4
190402,3,1,2,24,12,0,1,111,114,5
191201,3,0,1,27,14,0,0,104,103,5
192601,3,0,1,28,12,0,0,93,100,4
192602,3,0,2,31,12,0,0,107,106,4
192701,3,1,1,22,12,0,1,114,135,6
192702,3,1,2,24,12,0,1,114,97,6
192703,3,0,3,29,12,0,1,103,97,6
193501,3,0,1,30,16,0,1,112,126,4
193502,3,1,2,33,16,0,1,135,122,4
193701,3,0,2,28,16,0,1,103,107,5
193702,3,1,1,28,16,0,1,120,110,5
193801,3,1,1,25,15,0,1,110,128,5
193802,3,0,2,27,15,0,1,103,112,5
194001,3,0,1,29,8,1,1,65,69,3
195301,3,1,1,29,19,0,1,101,135,3
195401,3,0,1,23,16,0,1,102,115,5
195402,3,0,2,26,16,0,1,102,119,5
196001,3,0,1,23,12,0,0,102,112,4
196202,3,0,2,25,12,0,0,98,116,4
197201,2,1,1,27,14,0,0,81,104,3
197401,3,0,1,23,17,0,0,126,120,4
197402,3,1,2,26,17,0,0,116,128,4
199302,3,1,2,26,12,0,0,115,100,5
199303,3,0,3,33,12,0,0,96,99,5
199703,3,0,3,29,12,0,1,107,108,4
199704,3,0,4,31,12,0,1,101,113,4
200204,3,1,4,22,12,0,0,111,98,8
200205,3,0,5,25,12,0,0,125,100,8
200802,3,1,2,24,14,0,1,114,135,4
200803,3,0,3,27,14,0,1,118,131,4
201202,3,1,3,25,12,0,0,100,109,5
201203,3,1,2,25,12,1,0,97,104,5
201302,3,1,2,27,12,0,1,112,112,4
201601,3,1,1,28,16,0,0,97,98,4
202103,3,1,3,28,12,0,1,107,123,5
203501,3,1,1,27,12,0,0,97,102,3
204201,3,1,1,31,18,0,1,120,135,3
204601,3,0,1,27,12,0,1,98,101,4
205403,3,0,3,30,7,0,0,91,103,5
205404,3,1,4,31,7,0,1,86,94,5
205701,3,1,1,21,15,0,1,90,97,3
205702,3,1,2,23,15,0,1,94,86,3
205801,2,0,1,25,12,0,1,102,113,4
206201,3,0,1,21,16,0,0,102,104,4
206202,3,1,2,25,16,0,0,90,104,4
206603,3,0,3,25,12,0,1,87,98,5
206604,3,0,4,27,12,0,1,87,93,5
207001,3,0,1,25,12,0,1,97,115,5
207002,3,0,2,28,12,0,0,97,112,5
207101,3,1,1,29,13,0,1,113,95,6
207201,3,1,1,22,12,0,1,109,118,4
207202,3,0,2,25,12,0,1,104,104,4
207301,3,0,1,30,12,0,1,100,104,4
207402,3,0,2,22,12,0,0,92,109,6
207704,3,1,4,28,11,0,1,92,105,4
208201,3,1,1,21,12,0,0,114,117,2
208301,3,1,1,30,16,0,1,119,135,5
208302,3,0,2,33,16,0,0,102,108,5
208801,3,1,1,27,14,0,0,109,106,4
208802,3,0,2,29,14,0,0,103,95,4
209801,3,0,1,23,12,0,0,97,87,6
209802,3,0,2,27,12,0,0,107,102,6
209803,3,0,3,28,12,0,1,74,77,6
210205,3,1,5,29,12,0,1,104,114,6
210302,3,0,2,28,12,0,1,108,106,6
210303,3,1,3,30,12,0,1,110,102,6
210304,3,0,4,34,12,0,1,108,98,6
210502,3,1,2,27,10,0,0,86,77,5
210503,3,1,3,31,10,0,0,93,97,5
211203,3,1,3,31,12,0,0,125,107,5
212001,3,0,1,21,14,0,0,107,122,4
212301,3,0,1,27,17,0,0,95,101,4
212801,3,0,1,22,12,0,0,100,105,4
212802,3,1,2,25,12,0,0,108,103,4
213002,3,1,2,22,12,0,1,91,74,3
213102,3,0,2,26,10,0,1,117,112,3
213301,3,0,1,26,14,0,0,103,95,3
213702,3,1,2,24,14,0,0,111,120,4
213901,3,0,1,26,20,0,1,105,109,6
213902,3,1,2,27,20,0,1,102,83,6
213903,3,0,3,30,20,0,1,135,121,6
213904,3,1,4,31,20,0,1,102,107,6
215301,3,1,1,22,12,0,0,110,123,6
215302,3,0,3,25,12,1,0,111,118,6
215303,3,0,2,25,12,1,0,107,121,6
215304,3,0,4,29,12,0,0,111,102,6
216701,3,0,1,29,16,0,0,108,104,4
217402,3,1,2,29,10,0,1,98,86,6
217502,3,0,2,26,11,0,1,103,114,3
217903,3,0,3,20,7,0,1,93,128,4
218601,3,0,1,30,16,0,0,103,103,4
219003,3,0,3,29,13,0,0,97,110,5
220301,3,1,1,27,12,0,0,135,111,2
220401,3,1,1,29,15,0,1,97,102,5
221001,2,1,1,20,12,0,0,90,118,5
221002,2,0,2,22,12,0,0,109,110,5
221003,2,1,3,24,12,0,0,94,94,5
221101,2,0,1,23,12,0,1,112,97,3
221202,2,1,2,28,12,1,0,109,109,3
221402,2,1,2,28,12,0,0,87,98,4
221502,3,1,2,27,12,0,1,90,105,3
221702,3,1,2,26,12,0,1,96,75,4
222501,2,1,1,30,12,0,0,113,131,2
223401,3,0,1,25,16,0,1,98,96,4
223402,3,0,2,26,16,0,1,101,100,4
223501,3,1,1,30,15,0,1,126,122,3
223701,3,1,1,26,18,0,1,118,135,5
223702,3,1,2,29,18,0,1,116,135,5
224301,3,0,1,23,16,0,1,99,110,4
224302,3,1,2,24,16,0,0,104,111,4
224701,3,1,1,32,12,0,1,101,95,4
224902,3,1,2,27,7,0,0,96,97,4
225003,2,1,3,22,12,0,0,90,80,4
226503,2,0,3,26,14,0,0,116,118,3
226707,2,0,7,30,9,0,0,121,106,6
227001,2,1,1,29,12,0,0,113,105,3
227101,2,0,1,27,12,1,0,69,86,4
227202,2,1,2,27,12,1,0,97,97,2
227402,3,0,2,27,6,0,0,96,104,3
227501,3,0,1,19,12,0,0,97,94,3
227801,3,0,1,24,15,0,0,115,131,4
227802,3,1,2,25,15,0,0,120,101,4
228103,3,1,3,27,12,0,1,93,77,3
228501,3,1,1,27,20,0,0,114,117,4
228701,3,0,1,31,18,0,1,112,126,5
228901,3,1,1,29,12,0,1,105,113,3
229001,3,0,1,27,17,0,1,114,112,4
229401,3,0,1,25,16,1,1,65,95,4
230101,3,0,1,25,16,0,1,122,102,4
230802,3,1,2,23,7,0,0,106,112,3
231103,3,1,3,29,12,1,1,107,102,4
231302,3,0,2,30,12,0,1,98,107,4
231503,3,1,3,27,13,1,1,131,116,4
231701,3,1,1,26,13,0,0,97,87,4
231902,3,1,2,23,10,0,0,95,98,2
231903,3,1,3,24,10,0,0,89,104,2
233301,3,1,1,32,13,0,0,104,105,3
234003,3,1,3,30,10,0,1,109,97,6
234202,3,1,2,22,12,0,0,89,83,4
234703,2,1,3,23,11,0,0,112,102,13
235502,2,1,2,23,9,0,0,65,65,4
235503,2,1,3,24,9,1,0,85,79,4
235902,2,1,2,26,13,0,0,95,107,4
235903,2,0,3,29,13,0,1,103,89,4
236202,2,1,2,28,13,1,0,89,93,5
236203,2,1,3,31,13,0,0,101,93,5
236901,3,1,1,32,18,0,0,116,112,3
237501,3,0,1,26,13,0,1,118,95,3
238801,1,0,1,28,14,0,0,110,112,4
238802,1,0,2,30,14,0,0,105,109,4
239402,3,0,2,28,11,0,1,87,113,4
239503,1,1,3,26,12,0,1,116,135,6
239504,1,0,4,28,12,0,0,109,113,6
239505,1,1,5,31,12,0,0,98,87,6
239603,1,0,3,22,12,0,1,89,88,6
239604,1,1,4,24,12,0,1,97,118,6
239803,3,0,3,31,10,0,1,95,91,4
239902,3,0,2,28,10,0,1,65,65,4
240001,3,0,1,28,11,0,1,97,103,4
240702,3,1,2,26,13,0,0,108,106,4
240902,3,1,2,24,12,1,0,107,126,4
241001,3,1,1,25,12,0,0,92,82,4
241002,3,0,2,30,12,0,0,102,101,4
241201,3,1,1,22,12,0,0,109,99,5
241202,3,0,2,24,12,0,0,110,135,5
241601,3,1,1,31,12,0,1,91,99,5
241602,3,1,2,34,12,0,1,107,113,5
241801,3,0,1,25,12,0,1,100,103,2
242001,3,0,1,20,10,0,0,91,103,4
242401,3,0,1,29,12,1,0,103,102,2
242601,3,1,1,25,13,0,1,122,110,3
243301,3,1,1,27,14,0,1,111,102,3
243602,3,0,2,26,12,0,0,98,111,4
243701,3,1,1,30,14,0,1,110,109,2
244102,3,0,2,21,12,0,1,110,100,5
244201,3,1,1,27,18,1,0,102,119,4
245903,3,1,3,27,12,0,1,110,101,4
246201,3,0,1,26,11,0,1,100,104,4
246202,3,0,2,27,11,0,0,102,103,4
247101,3,1,1,20,12,0,0,101,84,2
247801,3,1,1,23,12,0,1,115,118,4
247802,3,0,2,26,12,0,0,103,103,4
248002,3,0,2,20,12,0,1,99,98,3
248401,3,1,1,21,12,0,0,100,111,5
249201,3,0,1,24,12,0,1,113,105,6
249202,3,1,2,26,12,0,1,101,96,6
250101,3,0,1,28,12,0,1,96,126,2
250502,3,1,2,27,14,0,1,109,96,3
250701,3,0,1,26,12,0,0,123,118,4
250702,3,0,2,30,12,0,0,110,126,4
251001,3,0,1,26,14,0,1,104,100,4
251402,3,0,2,29,17,0,1,114,102,4
251501,3,1,1,23,16,0,1,115,111,5
251502,3,1,2,26,16,0,1,114,121,5
252101,3,1,1,24,12,0,0,120,117,4
252102,3,0,2,29,12,0,1,118,114,4
252802,3,0,2,23,12,0,0,69,80,3
252901,3,1,1,25,12,0,0,85,90,4
252902,3,1,2,29,12,1,0,91,93,4
253001,3,1,1,26,12,0,0,93,79,4
253801,3,0,1,25,12,0,1,84,107,5
253802,3,1,2,28,12,0,1,102,103,5
254201,3,1,1,24,13,0,1,118,114,4
254402,3,1,2,29,16,0,1,102,93,4
254901,3,0,1,27,16,0,1,110,101,5
254902,3,0,2,30,16,0,0,123,107,5
255101,3,0,1,27,16,0,0,112,116,3
255201,3,1,1,26,16,0,1,118,128,4
255903,3,0,3,22,14,0,1,103,105,5
256402,3,0,2,23,12,0,1,89,93,6
256403,3,0,3,26,12,0,1,100,94,6
256901,3,0,1,25,16,0,1,94,88,4
256902,3,0,2,27,16,0,1,89,98,4
257002,3,0,2,25,16,0,1,65,93,4
258801,3,1,1,28,16,0,1,125,135,3
260601,3,1,1,27,16,0,0,107,99,4
260602,3,0,2,29,16,0,0,110,135,4
260701,3,1,1,29,16,0,0,113,110,4
260702,3,0,2,31,16,0,0,118,98,4
261501,3,0,1,21,12,0,1,98,92,4
261502,3,1,2,23,12,0,1,81,84,4
261503,3,1,3,25,12,0,1,96,80,4
263501,3,1,1,26,12,0,0,115,135,3
264502,1,0,2,22,13,0,1,100,103,4
264801,1,0,1,23,18,0,0,95,109,4
265201,1,1,1,23,12,0,0,78,95,3
265401,1,0,1,23,12,0,0,72,98,7
265402,1,0,2,25,12,0,0,82,97,7
265501,1,1,1,24,10,0,0,69,81,10
265502,1,1,2,25,10,0,0,79,82,10
265503,1,0,3,26,10,0,0,65,94,10
265504,1,1,4,27,10,0,0,91,103,10
265902,1,0,2,23,8,0,1,100,119,4
266203,1,1,3,23,12,0,0,95,100,5
266305,1,0,5,27,7,0,0,74,93,7
266901,1,1,1,27,12,0,1,89,87,8
266902,1,0,2,31,12,0,1,104,108,8
267202,1,0,2,25,12,0,0,114,94,4
267701,1,0,1,23,13,0,1,85,92,4
267702,1,1,2,27,13,0,0,107,112,4
267903,1,1,3,24,11,0,1,103,128,10
267904,1,1,4,26,11,0,1,74,93,10
267905,1,1,5,27,11,0,1,110,135,10
267906,1,0,6,30,11,0,1,90,98,10
268001,3,0,1,29,17,0,1,108,135,4
268002,3,1,2,31,17,0,1,103,102,4
268101,1,1,1,23,0,0,0,102,79,5
268102,1,0,2,29,0,0,0,87,110,5
268303,1,1,3,24,11,0,1,97,74,6
268901,3,0,1,30,12,0,1,97,104,4
268902,3,1,2,31,12,0,1,106,102,4
269002,1,1,2,25,11,0,0,65,75,5
269003,1,0,3,30,11,0,0,103,107,5
269101,1,0,1,23,13,0,0,107,96,5
269102,1,0,2,25,13,0,0,84,82,5
269202,1,1,2,24,12,0,0,97,116,4
270601,1,0,1,29,12,1,1,106,101,3
271002,1,1,2,24,12,0,0,99,101,3
271201,2,0,1,28,16,0,0,96,116,4
271202,2,1,2,31,16,0,0,86,102,4
271203,2,1,3,32,16,0,0,102,106,4
273101,3,1,1,25,16,0,1,114,116,4
273102,3,0,2,28,16,0,1,88,116,4
273501,2,1,1,23,12,0,1,112,113,4
273703,3,1,3,26,12,0,0,100,113,5
273901,3,1,1,29,16,0,0,128,120,4
274001,3,1,1,26,16,0,0,118,113,3
274302,2,0,2,28,14,0,0,88,100,3
274401,3,0,1,29,14,0,0,87,113,4
274802,3,1,2,28,12,0,0,92,97,4
276903,2,1,3,26,11,1,0,65,72,3
277001,2,1,1,24,16,0,1,65,69,5
277002,2,1,3,31,16,0,1,112,135,5
277003,2,0,2,31,16,0,1,102,120,5
277102,2,1,2,26,16,0,1,88,92,6
277103,2,0,3,28,16,0,1,94,106,6
277502,3,0,2,28,12,0,1,100,98,5
277802,3,1,2,31,9,1,0,87,109,3
278103,3,0,3,26,12,0,1,135,110,5
278401,2,0,1,22,12,0,0,107,135,2
279001,2,0,2,26,13,1,0,104,104,3
279002,2,1,1,26,13,1,0,107,107,3
279203,2,0,3,28,12,0,0,122,84,3
279504,2,0,4,23,11,0,0,91,72,5
280401,2,0,1,27,16,0,0,115,123,4
281801,3,1,1,22,14,0,1,104,120,4
281802,3,0,2,26,14,1,1,128,122,4
282301,3,0,1,23,17,0,0,88,93,5
282302,3,1,2,26,17,0,0,102,116,5
282602,3,1,2,30,12,0,1,100,107,5
282603,3,0,3,32,12,0,1,96,101,5
283501,3,1,1,25,12,0,1,99,105,4
283502,3,0,2,28,12,0,1,111,116,4
284102,3,0,2,26,14,0,1,107,119,5
285501,3,1,1,20,14,0,0,88,100,4
285502,3,0,2,22,14,0,0,82,105,4
285503,3,0,3,27,14,0,1,99,103,4
287701,3,0,1,32,14,0,1,98,111,4
287805,1,1,5,30,6,0,0,84,92,7
287806,1,1,6,32,6,0,1,85,85,7
288301,3,1,1,29,12,0,1,131,112,5
288501,3,0,1,25,11,0,1,112,122,4
288502,3,0,2,28,11,0,1,117,119,4
288701,3,0,1,32,12,0,1,111,104,3
290001,3,1,1,29,18,0,1,125,128,4
290002,3,0,2,31,18,0,1,114,131,4
290201,3,0,1,31,16,0,1,112,116,4
290801,3,0,1,30,16,0,1,98,135,5
290802,3,1,2,32,16,0,1,96,96,5
290901,3,0,1,25,18,0,1,135,123,4
290902,3,1,2,29,18,0,1,104,105,4
291103,1,0,3,30,12,0,1,83,102,5
291801,3,0,1,28,12,0,1,117,131,4
291802,3,0,2,30,12,0,0,108,126,4
292601,3,1,1,28,17,0,0,119,116,6
292603,3,0,3,34,17,0,0,116,117,6
292801,3,0,1,27,16,0,1,97,85,4
293601,3,0,1,31,16,0,1,103,109,2
294803,3,0,3,28,16,0,1,102,88,6
294804,3,0,4,34,16,0,1,119,131,6
294902,3,1,2,28,16,0,1,128,114,6
294903,3,0,3,31,16,0,1,113,126,6
295201,3,0,1,27,13,0,1,115,112,3
297801,3,1,1,25,12,0,0,122,118,4
297802,3,0,2,29,12,0,0,101,121,4
297901,3,0,1,29,12,0,0,107,123,4
298301,3,0,1,26,12,1,1,109,107,4
299301,3,0,1,22,12,0,1,98,92,4
299302,3,1,2,25,12,0,1,79,77,4
299501,3,1,1,25,12,0,1,105,109,3
300403,2,1,3,27,16,0,0,81,87,5
301001,2,0,1,32,14,0,0,87,99,3
301101,3,1,1,28,17,0,1,128,135,4
301201,3,1,1,35,12,0,1,87,98,3
301401,1,1,1,25,8,0,0,118,102,3
302001,3,1,1,28,12,0,0,102,121,3
302103,3,0,3,32,12,0,0,102,104,4
302301,3,0,1,28,11,0,0,100,98,4
304103,3,1,3,29,13,0,0,97,105,7
304104,3,1,4,31,13,0,0,93,113,7
304201,3,0,1,25,12,0,0,112,119,3
304605,2,1,5,27,12,0,0,95,85,8
304901,3,0,1,25,12,0,0,100,104,4
305804,3,1,4,26,12,0,1,113,112,4
305805,3,0,5,30,12,0,1,110,128,4
306101,3,0,1,34,16,0,1,101,115,3
307901,3,0,1,26,12,0,1,98,107,3
308001,3,0,1,27,12,0,1,88,77,4
308101,3,0,1,21,12,0,1,118,112,2
309301,3,0,1,27,12,0,0,117,106,4
309302,3,0,2,30,12,0,0,65,65,4
309801,3,0,1,26,12,0,1,119,125,4
309802,3,0,2,30,12,0,1,107,117,4
310102,3,0,2,22,11,0,1,111,103,4
310103,3,0,3,25,11,0,1,135,94,4
310502,3,1,2,25,11,0,1,126,112,6
310701,3,1,1,24,15,0,1,116,113,3
310802,3,1,2,24,12,0,0,114,107,4
310803,3,0,3,31,12,0,0,110,102,4
311101,3,0,1,24,14,0,1,95,109,5
311102,3,1,2,28,14,0,0,128,106,5
311701,3,1,1,31,14,0,1,107,112,4
312102,3,1,2,24,12,0,1,118,128,5
312103,3,0,3,29,12,0,0,99,93,5
312201,3,1,1,24,13,0,1,111,109,4
312901,3,0,1,27,12,0,1,107,113,4
315101,3,0,2,23,12,1,0,94,95,4
315102,3,0,1,23,12,1,0,65,87,4
315103,3,1,3,28,12,0,0,112,94,4
315401,3,1,1,29,16,0,1,126,122,6
315403,3,0,3,34,16,0,1,114,117,6
316201,3,1,1,26,16,0,1,128,110,4
316303,3,0,3,29,12,0,0,111,105,5
316402,3,0,2,27,12,0,0,97,113,4
317901,3,1,1,32,16,0,1,95,98,2
319002,2,0,2,24,12,1,1,98,106,6
319702,3,0,2,23,12,0,0,100,109,5
320102,3,0,2,23,14,0,1,115,118,5
320103,3,1,3,27,14,0,1,109,117,5
322101,3,0,1,23,12,0,0,97,100,3
322102,3,1,2,25,12,0,0,105,135,3
322501,3,1,1,22,14,0,1,105,115,7
322503,3,0,3,27,14,0,1,105,135,7
324201,3,1,1,26,12,0,0,108,105,4
324202,3,0,2,29,12,0,0,110,118,4
324301,3,1,1,26,16,0,1,87,101,4
324302,3,0,2,28,16,0,1,111,92,4
324303,3,1,3,31,16,1,1,97,104,4
324401,3,1,1,27,18,0,1,123,128,4
324801,3,1,1,25,12,0,0,110,123,5
324802,3,0,2,28,12,0,0,105,109,5
325001,3,1,1,23,14,0,1,114,118,5
325002,3,1,2,25,14,0,1,114,128,5
325003,3,0,3,30,14,0,1,97,135,5
325401,3,0,1,26,12,0,0,98,112,4
326901,1,1,1,27,14,0,0,98,119,2
327302,1,0,2,25,11,0,0,102,121,3
327801,3,1,1,33,19,0,0,110,99,3
329302,3,0,2,26,12,0,0,95,107,4
330302,3,0,2,25,16,0,1,126,103,5
330303,3,0,3,29,16,0,1,122,113,5
331604,2,1,5,28,15,1,0,131,111,3
332201,2,0,1,33,13,0,0,108,99,3
334201,3,0,1,31,16,0,1,105,95,3
334702,3,0,2,28,12,1,0,97,125,3
334804,3,1,4,25,12,0,0,102,102,7
334805,3,1,5,29,12,0,0,94,91,7
335001,3,1,1,29,14,1,0,101,116,4
335801,3,1,1,31,16,0,0,108,82,6
336401,3,0,1,32,14,0,1,103,103,4
336501,3,0,1,26,14,0,1,100,109,6
336502,3,1,2,28,14,0,1,107,105,6
336901,3,0,1,29,16,0,1,116,105,4
336902,3,1,2,32,16,0,1,105,98,4
339701,3,1,1,22,12,0,1,108,118,5
339702,3,1,2,24,12,1,1,112,114,5
340702,3,1,2,27,16,0,1,121,123,4
341101,3,0,1,25,15,0,1,117,126,4
341202,3,0,2,24,11,0,1,97,99,4
342102,3,0,2,24,13,0,1,114,112,3
342301,3,0,2,30,16,1,1,108,114,5
342302,3,0,1,30,16,1,1,102,110,5
342401,3,1,1,27,14,0,1,107,108,3
342402,3,0,2,30,14,0,1,118,111,3
342601,3,1,1,27,16,0,1,126,125,5
342602,3,1,2,29,16,0,1,91,103,5
342801,3,1,1,27,19,0,1,126,125,5
342802,3,1,2,30,19,0,1,128,123,5
342903,3,1,3,29,16,0,1,121,112,6
342904,3,0,4,33,16,0,1,109,95,6
343001,3,0,1,24,16,0,1,131,116,8
343002,3,0,2,26,16,0,1,110,114,8
343003,3,0,3,29,16,0,1,113,98,8
343005,3,1,5,33,16,0,1,128,135,8
343301,3,0,1,26,16,0,1,111,103,5
343302,3,0,2,28,16,0,1,94,97,5
343303,3,0,3,30,16,0,1,111,117,5
343502,1,1,2,33,0,0,0,97,97,3
343602,1,1,2,27,6,0,0,111,107,6
344704,2,0,4,29,11,0,0,69,75,8
344705,2,0,5,32,11,0,0,88,93,8
345201,3,0,1,26,12,0,0,113,118,4
345402,3,0,2,26,12,0,1,117,114,5
345601,3,1,1,29,11,0,0,94,103,4
345602,3,1,2,30,11,0,0,113,102,4
345701,3,1,1,26,14,0,0,93,93,4
345702,3,0,2,27,14,0,0,101,108,4
345801,3,0,1,27,12,0,0,106,114,5
345803,3,0,2,30,12,0,0,106,80,5
346501,3,0,1,23,12,0,1,108,114,5
346502,3,0,2,24,12,0,1,105,114,5
346701,3,1,1,31,12,0,1,122,121,5
346702,3,0,2,34,12,0,1,106,105,5
347501,3,0,1,22,12,0,0,105,112,4
347502,3,1,2,24,12,0,0,104,103,4
347602,3,1,2,27,12,0,1,103,111,6
347603,3,1,3,28,12,0,1,83,105,6
348001,3,0,1,30,12,0,1,116,107,3
348102,3,1,2,26,14,0,0,120,120,5
348103,3,0,3,30,14,0,0,115,105,5
348703,3,1,3,32,12,0,0,108,98,6
349101,3,1,1,24,12,0,1,114,111,5
349102,3,1,2,28,12,0,0,85,103,5
350201,1,0,1,31,12,1,0,102,111,4
350601,3,0,1,29,16,0,1,108,122,5
351101,3,0,1,24,12,0,1,106,108,4
351102,3,1,2,26,12,0,1,113,107,4
351401,3,1,1,25,12,0,1,116,131,5
353101,3,0,1,28,13,0,1,87,128,4
353102,3,1,2,31,13,0,1,101,113,4
353202,3,0,2,28,12,0,1,100,93,7
353203,3,1,3,32,12,0,0,90,115,7
353701,3,0,1,28,12,0,1,123,109,4
353702,3,1,2,32,12,0,0,93,111,4
354301,2,0,1,20,12,0,0,93,98,4
354302,2,1,2,21,12,0,0,102,100,4
354303,2,0,3,25,12,0,0,96,106,4
354407,2,1,8,27,11,1,1,65,69,5
354501,2,1,1,22,14,0,1,116,125,4
354502,2,0,2,23,14,0,1,125,126,4
354503,2,0,3,26,14,0,1,121,135,4
354601,2,0,1,23,15,0,0,88,101,4
354701,2,0,1,26,14,0,1,108,118,2
354801,2,0,1,21,14,0,1,93,99,4
354802,2,1,2,25,14,0,1,110,108,4
354901,3,0,1,25,12,1,0,118,94,4
354902,3,1,2,27,12,0,1,104,118,4
355101,3,0,1,30,16,0,1,87,105,4
355501,3,1,1,30,12,0,0,103,104,4
355502,3,0,2,31,12,0,0,116,112,4
355603,3,1,3,32,12,0,0,89,99,3
355701,3,1,1,27,12,0,0,80,98,5
355702,3,0,2,29,12,0,0,97,102,5
355703,3,1,3,30,12,0,0,93,92,5
355801,3,0,1,24,17,0,0,107,117,4
355802,3,1,2,27,17,0,0,112,110,4
356401,3,1,1,27,12,0,1,112,95,4
356502,3,0,2,28,12,0,1,97,101,4
356503,3,0,3,31,12,0,1,104,122,4
356602,3,1,2,26,12,0,0,107,94,5
356603,3,1,3,29,12,0,0,105,114,5
357202,3,1,2,20,10,0,1,114,125,5
357203,3,0,3,27,10,0,1,121,115,5
357301,3,0,1,23,12,0,0,122,135,4
357302,3,1,2,25,12,0,0,125,135,4
357602,3,1,2,27,12,0,0,116,123,4
358402,3,0,2,28,12,1,0,92,118,3
358601,3,1,1,26,12,0,1,114,119,3
358602,3,1,2,28,12,0,1,90,98,3
359402,3,1,2,27,12,0,1,114,135,5
359702,3,0,2,25,14,0,1,104,105,4
359703,3,1,3,26,14,0,1,93,72,4
359704,3,0,4,28,14,0,1,119,95,4
360101,3,0,1,22,13,0,0,112,111,5
360102,3,0,2,25,13,0,0,107,111,5
360103,3,0,3,27,13,0,0,98,102,5
360301,3,1,1,26,12,0,1,102,107,4
360303,3,1,3,29,12,0,0,92,103,4
360501,3,1,2,30,12,1,1,113,116,4
360502,3,0,1,30,12,1,1,120,122,4
360603,3,0,3,23,13,0,0,118,122,5
360901,3,0,1,29,14,0,1,118,111,5
361001,3,0,1,26,13,1,1,97,110,2
361102,3,0,2,25,12,0,0,99,107,5
361301,3,0,1,30,13,1,0,115,118,3
361402,3,1,2,28,16,0,0,131,118,4
362601,3,0,1,27,16,0,0,102,107,3
362602,3,1,2,31,16,0,0,100,82,3
363301,3,0,1,22,12,1,0,106,135,5
363302,3,0,2,24,12,0,0,110,135,5
364102,3,0,2,30,14,0,1,119,94,4
364804,3,0,4,24,12,0,0,86,65,8
364805,3,0,5,26,12,0,0,135,74,8
364903,3,0,3,25,12,0,0,112,97,3
365002,3,1,2,23,12,0,1,104,101,5
365003,3,1,3,27,12,0,1,121,99,5
365401,3,1,2,20,12,1,1,109,91,9
365402,3,1,1,20,12,1,1,99,82,9
365403,3,1,3,25,12,0,1,86,105,9
365404,3,0,4,27,12,0,1,119,103,9
365502,3,1,2,23,12,0,0,88,105,4
366201,3,0,1,27,12,0,0,105,103,3
366202,3,0,2,33,12,0,0,103,100,3
366301,3,1,1,30,17,0,0,113,107,4
366901,3,0,1,25,16,0,1,97,121,5
366902,3,1,2,28,16,0,1,103,96,5
367901,3,1,1,27,14,0,1,97,98,5
367902,3,1,2,29,14,0,1,91,91,5
368101,3,0,1,27,16,0,1,121,121,4
368102,3,1,2,28,16,0,1,128,111,4
369101,3,1,1,24,12,0,0,94,82,5
369102,3,0,2,27,12,0,0,102,93,5
369702,1,1,2,21,10,1,0,93,96,5
371101,3,0,1,29,16,0,1,92,107,7
371102,3,1,2,30,16,0,1,111,122,7
371103,3,1,3,31,16,0,1,105,113,7
371503,3,1,3,26,12,0,1,115,88,6
371504,3,1,4,30,12,0,1,103,105,6
371802,3,0,2,24,15,0,1,126,114,5
371803,3,0,3,25,15,0,0,135,115,5
372701,3,0,1,28,10,0,0,123,123,5
372802,3,1,2,24,11,0,0,91,98,5
372803,3,1,3,26,11,0,1,74,65,5
372804,3,1,4,29,11,0,0,77,93,5
372903,3,1,3,28,10,0,0,87,90,6
373401,3,0,1,30,15,0,1,115,101,5
373601,3,1,1,31,12,1,0,118,110,4
374001,3,1,1,24,11,0,0,94,107,4
374002,3,1,2,25,11,0,0,112,95,4
374101,3,1,1,25,12,0,1,126,120,5
374602,3,0,2,25,12,0,0,114,105,5
374603,3,1,3,28,12,0,0,131,131,5
375303,3,0,3,22,12,0,0,114,118,7
375903,3,0,3,28,14,0,0,92,113,5
376903,3,0,3,29,14,0,0,75,100,4
377001,3,0,1,23,12,0,0,112,105,4
377002,3,0,2,26,12,0,0,97,100,4
377101,3,1,1,27,15,0,0,65,65,5
377903,3,0,3,27,15,0,0,135,107,5
377904,3,1,4,29,15,0,0,112,121,5
378101,3,1,1,30,16,0,1,103,98,4
378102,3,1,2,32,16,0,1,98,94,4
378402,3,1,2,27,12,0,0,79,77,3
378601,3,0,1,32,14,0,1,87,117,4
378702,3,0,3,31,15,0,1,108,118,5
378703,3,0,2,31,15,0,1,118,122,5
379002,3,0,2,27,12,0,0,103,96,3
379301,3,0,1,26,14,0,1,90,98,4
379302,3,0,2,32,14,0,1,100,102,4
379701,3,0,1,23,14,0,1,102,122,3
379801,3,0,1,25,16,0,1,102,116,7
379802,3,0,2,26,16,0,1,114,116,7
380201,3,1,1,31,13,0,1,110,98,3
380401,3,1,1,28,18,0,1,106,118,4
380402,3,0,2,29,18,0,1,104,118,4
380601,3,1,1,30,14,0,0,117,108,4
380602,3,0,2,32,14,0,0,116,108,4
381201,3,1,1,29,16,0,1,116,122,3
381303,3,1,3,22,14,0,0,118,100,3
381304,3,0,4,24,14,0,0,112,96,3
381901,2,1,1,21,12,1,0,74,107,6
381902,2,1,2,25,12,0,0,98,107,6
381903,2,1,3,26,12,0,0,91,105,6
381904,2,1,4,28,12,0,0,111,109,6
382102,2,1,2,25,11,0,0,91,81,9
383903,3,0,3,29,9,0,0,107,102,4
384901,3,1,1,30,12,0,0,101,103,2
385102,3,1,2,23,11,0,0,95,103,2
385301,1,1,1,25,13,0,0,131,128,4
385302,1,0,2,27,13,0,0,109,116,4
385901,3,0,1,31,12,0,0,102,85,4
387701,3,0,1,23,15,0,1,131,113,5
387702,3,0,2,24,15,0,1,135,116,5
387703,3,1,3,28,15,0,1,135,106,5
388901,3,1,1,27,16,0,1,120,123,4
388902,3,0,2,31,16,0,1,103,120,4
389902,3,1,2,28,14,0,1,121,114,6
389903,3,0,3,29,14,0,1,112,100,6
391501,3,0,1,26,16,0,1,135,135,4
391901,3,1,1,21,14,0,1,106,103,5
391902,3,1,2,28,14,0,1,113,120,5
392101,3,1,1,22,14,0,0,122,122,5
392102,3,0,2,27,14,0,0,78,107,5
392103,3,1,3,28,14,0,0,113,120,5
392301,3,0,1,26,16,0,1,97,106,6
392302,3,0,2,28,16,0,1,120,121,6
392902,3,0,2,31,9,0,1,103,100,3
394402,2,1,2,27,10,0,0,86,102,2
394804,2,1,4,30,9,0,0,80,86,3
395302,2,1,2,26,16,0,1,111,103,6
395303,2,1,3,31,16,0,0,98,107,6
396001,2,1,1,28,14,0,0,85,106,3
396203,3,0,3,27,12,0,0,80,89,6
396204,3,1,4,31,12,0,0,105,86,6
396401,3,0,1,27,16,0,1,107,119,4
396402,3,1,2,28,16,0,1,110,91,4
397001,3,0,1,29,16,0,1,102,109,5
397002,3,1,2,32,16,0,1,93,112,5
397201,3,1,1,27,17,0,1,116,115,5
397202,3,1,2,29,17,0,1,128,114,5
397203,3,1,3,32,17,0,1,102,106,5
397504,2,0,4,23,11,0,0,111,120,5
398203,3,0,3,26,12,0,0,104,123,6
398204,3,0,4,27,12,0,0,89,102,6
399503,2,0,3,23,12,1,0,95,106,4
400101,3,0,1,28,13,0,1,122,113,4
400201,3,1,1,26,16,0,1,102,110,4
400202,3,0,2,28,16,1,0,112,117,4
400702,2,0,2,25,12,0,0,106,102,3
401502,2,0,2,22,13,0,0,99,102,5
401503,2,1,3,24,13,0,0,88,100,5
403701,3,1,1,24,15,0,1,102,108,3
404103,3,1,3,28,13,0,1,101,96,6
404502,3,1,2,24,15,0,1,102,91,4
404503,3,0,3,29,15,0,1,111,95,4
404903,3,0,3,29,11,0,1,93,120,6
404904,3,0,4,31,11,0,1,109,117,6
405001,3,0,1,22,12,0,1,104,114,5
405002,3,0,2,27,12,0,1,113,103,5
405701,3,1,1,26,16,0,0,110,112,5
407701,3,1,1,24,12,1,0,112,131,5
407801,3,1,1,26,12,0,0,84,94,3
407901,3,0,1,29,13,0,0,112,114,4
409501,3,1,1,29,18,0,1,110,125,5
410801,3,0,1,28,16,0,0,99,98,3
411001,3,1,1,23,12,0,0,101,99,4
411002,3,1,2,27,12,0,0,105,104,4
412301,2,1,1,21,12,0,0,82,86,4
412302,2,0,2,24,12,0,0,100,89,4
412303,2,1,3,26,12,0,0,95,92,4
413201,3,0,1,22,14,0,1,100,104,7
413202,3,0,2,24,14,0,1,65,84,7
413203,3,0,3,26,14,0,1,94,97,7
413303,3,1,3,23,10,0,1,108,98,5
413603,3,1,3,26,8,0,0,96,98,4
414201,3,1,1,25,11,0,1,97,113,3
414501,3,1,1,28,12,0,1,107,114,3
414801,3,0,1,21,14,0,0,100,116,4
415001,3,1,1,27,13,0,0,100,113,3
415301,3,0,1,25,15,0,1,110,125,4
415302,3,0,2,28,15,0,1,107,115,4
416701,3,1,1,20,7,0,0,87,88,4
416702,3,1,2,22,7,0,0,94,101,4
417001,3,1,1,26,14,0,1,113,117,6
417002,3,0,2,28,14,0,1,113,117,6
417802,2,0,2,27,12,0,0,96,102,4
417902,2,0,2,26,13,0,1,114,104,3
418002,2,0,2,24,12,0,0,107,109,6
418003,2,1,3,26,12,0,0,107,91,6
418004,2,1,4,28,12,0,0,104,88,6
418404,1,1,4,26,12,0,0,97,109,8
418501,1,0,1,32,13,0,1,103,105,4
418601,1,0,1,26,16,0,1,104,112,4
418602,1,1,2,29,16,0,1,119,116,4
418701,1,1,1,23,12,0,1,100,135,4
418702,1,0,2,28,12,0,1,96,105,4
419403,2,1,3,31,19,0,1,98,111,4
419502,2,0,2,23,12,0,0,108,121,3
419703,2,1,3,24,12,0,0,72,65,5
419801,2,1,1,21,11,0,0,82,72,2
420001,2,1,1,29,15,0,0,92,95,4
420002,2,0,2,32,15,0,1,99,109,4
420301,2,0,1,22,12,0,0,80,77,6
420302,2,0,2,23,12,0,0,79,87,6
420303,2,1,3,24,12,0,0,95,93,6
420602,2,0,2,25,12,0,0,123,104,5
421002,2,1,2,23,12,1,0,118,116,6
421201,2,1,1,20,14,0,0,93,97,7
421202,2,1,2,21,14,0,1,100,101,7
421203,2,0,3,22,14,1,1,88,82,7
421204,2,0,4,24,14,0,1,102,100,7
422001,3,0,1,25,10,0,0,108,114,5
422002,3,0,2,29,10,0,0,111,107,5
422401,3,1,1,32,19,0,1,113,119,4
423101,3,0,1,20,13,0,1,114,121,5
423102,3,1,2,23,13,0,1,111,90,5
423602,3,0,2,27,13,0,0,106,117,4
424602,3,1,2,23,13,0,1,119,135,5
424603,3,0,3,28,13,0,1,102,105,5
425202,3,0,2,27,14,0,1,90,100,4
425401,3,0,1,27,15,0,1,111,122,5
425402,3,1,2,29,15,0,1,111,135,5
426203,3,1,3,26,7,0,0,116,103,4
426204,3,1,4,31,7,0,0,104,97,4
427003,2,0,3,27,15,0,0,105,98,4
427403,1,1,3,26,9,0,0,109,135,6
428202,1,1,2,21,13,0,0,89,118,4
428203,1,0,3,26,13,0,1,89,88,4
428301,3,1,1,20,12,0,1,113,121,6
428302,3,1,2,23,12,0,1,115,135,6
428303,3,0,3,28,12,0,1,98,117,6
429001,3,1,1,23,20,0,1,111,105,4
429002,3,1,2,26,20,0,1,87,128,4
429401,3,1,1,26,12,0,1,106,118,4
429503,3,1,3,25,14,0,0,114,105,4
429601,3,0,1,31,16,0,1,105,120,4
430001,3,1,1,28,12,0,0,135,126,3
430801,3,0,1,21,11,0,1,97,101,2
431002,3,0,2,27,10,0,1,108,118,4
431003,3,0,3,30,10,0,1,105,109,4
432304,2,0,4,24,11,0,1,112,103,6
432502,3,1,2,27,13,0,1,93,113,3
432602,3,0,2,22,10,0,1,100,113,4
433701,3,1,1,27,14,1,0,103,119,3
434501,3,1,1,24,12,0,1,126,135,2
434601,3,0,1,26,12,1,0,77,135,5
434602,3,0,2,32,12,0,0,100,135,5
436601,3,0,1,24,14,0,1,104,135,4
436602,3,1,2,28,14,0,1,90,109,4
436701,3,1,1,25,10,0,1,112,135,5
436702,3,0,2,28,10,0,1,110,135,5
437101,3,0,1,23,12,0,1,105,135,4
437102,3,1,2,26,12,0,1,118,105,4
437201,3,0,1,29,18,0,0,116,111,3
437301,3,1,1,21,12,0,1,105,135,3
437602,3,1,2,27,14,0,0,102,97,4
437803,3,1,3,26,12,0,0,117,118,6
437804,3,1,4,28,12,0,0,128,131,6
437902,3,1,2,31,13,0,1,85,99,4
438302,3,0,2,27,14,0,1,82,80,4
438602,3,0,2,22,12,0,0,99,91,4
438603,3,0,3,24,12,0,0,102,95,4
439104,3,0,4,33,13,0,1,109,95,4
439602,3,1,2,26,11,0,0,100,79,3
441604,1,0,4,29,3,0,1,95,82,5
441605,1,0,5,30,3,0,0,103,99,5
441606,1,1,6,31,3,0,0,83,77,5
442801,3,1,1,29,19,0,1,128,128,5
442802,3,0,2,31,19,0,1,135,120,5
443801,3,0,1,24,12,0,1,95,117,4
443802,3,1,2,28,12,0,1,109,119,4
443901,3,1,1,30,14,0,1,135,111,4
444701,3,0,1,21,14,0,0,93,113,5
444702,3,1,2,24,14,0,0,107,113,5
444703,3,1,3,28,14,0,1,99,118,5
445002,3,1,2,31,14,0,0,86,91,3
446401,2,0,1,32,12,0,1,98,101,3
447301,3,1,1,21,11,0,1,97,85,5
447302,3,1,2,25,11,0,1,89,116,5
447402,3,0,2,28,10,0,1,92,88,3
447801,3,0,1,31,13,0,1,78,77,3
447901,3,1,1,27,17,0,1,107,118,3
447902,3,0,2,29,17,0,1,108,116,3
448102,3,0,2,29,18,0,0,105,131,4
448103,3,1,3,32,18,0,1,116,131,4
448201,3,1,1,31,10,0,1,109,93,3
448502,3,0,2,26,11,0,0,105,91,3
448702,3,1,2,23,12,0,0,96,114,4
449602,3,0,2,27,12,1,0,116,117,3
449902,3,1,2,26,14,0,0,86,104,5
449903,3,1,3,27,14,0,1,101,101,5
450602,3,0,2,23,14,0,1,110,103,4
452301,3,0,1,20,11,0,1,103,104,2
452501,3,1,1,26,13,0,1,90,111,2
453301,1,0,1,26,16,0,1,104,105,4
453402,3,1,2,29,13,0,0,102,107,4
453601,3,1,1,27,13,0,1,113,118,6
453602,3,0,2,29,13,0,1,102,98,6
453603,3,0,3,33,13,0,0,90,98,6
453703,2,0,3,24,11,0,0,94,94,4
453705,2,0,5,29,11,0,0,103,100,4
453901,3,0,1,28,14,0,1,116,119,5
453902,3,0,2,29,14,0,1,113,105,5
454102,1,0,2,25,12,0,0,106,135,5
454302,1,1,2,23,12,0,0,82,92,3
455101,3,1,1,23,13,0,1,118,98,5
455102,3,0,2,26,13,0,1,111,112,5
455103,3,0,3,27,13,0,1,112,120,5
455701,3,0,1,22,11,0,0,75,69,4
455702,3,0,2,24,11,0,0,65,69,4
455703,3,0,3,25,11,0,0,90,79,4
456101,3,0,1,22,12,0,1,97,101,3
456401,2,1,1,31,16,0,1,131,126,4
456402,2,1,2,33,16,0,1,114,105,4
457002,3,1,2,21,17,0,1,114,92,5
457003,3,1,3,23,17,0,0,128,95,5
458401,3,1,1,29,12,0,1,102,100,4
458402,3,1,2,30,12,0,1,106,102,4
458501,3,1,1,26,9,0,1,101,114,1
458902,3,0,2,26,12,1,0,93,83,4
459001,3,1,1,32,15,0,1,101,87,4
459201,3,1,1,26,17,0,1,120,107,3
459202,3,1,2,30,17,0,1,96,107,3
459401,3,1,1,25,12,0,1,99,87,4
459402,3,0,2,28,12,0,0,84,88,4
460001,3,0,1,21,12,0,1,117,100,4
460002,3,0,2,24,12,0,1,108,98,4
460201,3,1,1,31,14,0,1,101,98,4
461802,3,1,2,24,12,0,1,107,100,3
462501,3,1,1,27,14,0,1,117,126,4
463101,3,1,1,24,16,0,0,92,82,4
463102,3,0,2,27,16,0,0,90,95,4
463702,3,1,2,22,11,0,0,123,110,4
463804,3,0,4,23,12,0,1,74,65,6
464102,3,0,2,20,12,0,1,102,107,4
464103,3,0,3,23,12,0,1,108,114,4
464502,1,1,2,26,15,0,1,105,120,4
465101,3,0,1,24,13,0,1,98,96,4
465102,3,0,2,26,13,0,1,98,92,4
465703,3,0,3,28,12,0,0,102,103,9
466301,3,1,1,30,12,0,1,108,98,4
466501,3,1,1,35,14,1,0,105,109,3
467001,3,0,1,28,12,0,1,105,114,5
468401,3,1,1,32,13,0,1,103,112,4
469001,3,1,1,22,12,0,1,135,121,6
469002,3,1,2,23,12,0,1,125,123,6
469003,3,0,3,26,12,0,1,119,135,6
469004,3,1,4,27,12,0,1,109,113,6
469601,3,1,1,28,14,0,1,115,107,2
470001,3,1,1,29,16,0,0,118,103,4
471103,2,1,3,28,12,0,0,98,93,4
471401,3,1,1,20,12,0,0,108,121,5
471402,3,1,2,26,12,0,0,116,106,5
471701,3,1,1,28,14,0,1,100,111,4
471702,3,0,2,31,14,0,1,120,126,4
472301,3,1,1,27,16,0,1,135,131,5
472602,3,0,2,30,16,0,1,91,100,4
472603,3,1,3,31,16,0,1,87,82,4
473303,3,1,3,26,11,0,0,107,86,5
473503,3,1,3,25,12,0,1,119,126,6
474601,3,1,1,22,12,0,0,116,109,6
474602,3,0,2,26,12,0,0,113,115,6
474603,3,1,3,29,12,0,0,103,105,6
475301,3,1,1,30,16,0,1,119,105,4
475302,3,0,2,32,16,0,1,114,111,4
475701,3,0,1,25,16,0,1,122,128,7
475702,3,0,2,26,16,0,1,98,122,7
476601,3,0,1,29,16,0,0,112,135,3
477401,3,0,1,33,12,0,0,82,91,4
477702,3,1,2,31,11,0,1,109,128,2
478301,3,0,1,27,12,0,1,87,99,4
478403,3,0,3,26,12,0,0,96,92,4
478501,3,0,1,23,12,0,0,109,93,4
479601,3,1,1,25,14,0,1,97,105,4
479602,3,0,2,27,14,0,1,107,109,4
480202,3,1,2,23,13,0,0,118,105,4
480301,3,1,1,20,13,0,1,77,65,4
480302,3,0,2,23,13,0,1,100,100,4
480401,3,1,1,26,12,0,1,118,113,4
481002,3,0,2,26,13,0,1,108,119,3
481501,3,0,1,26,13,1,0,93,103,4
481502,3,1,2,29,13,0,1,121,107,4
482101,3,0,1,27,16,0,1,135,135,4
482601,3,1,1,29,17,0,1,115,126,4
482602,3,0,2,31,17,0,1,105,114,4
483901,3,0,1,26,13,0,1,97,114,4
484204,3,0,4,22,14,0,0,97,102,5
484802,3,0,2,27,16,0,0,104,97,4
485201,3,0,1,22,12,1,0,108,104,4
486303,3,1,3,24,12,0,0,135,112,5
486401,3,1,1,25,12,0,0,123,117,3
486701,3,1,1,28,12,0,0,110,105,2
486901,3,1,1,25,17,0,0,112,117,4
486902,3,1,2,30,17,0,0,104,121,4
487001,3,0,1,28,17,0,1,104,109,4
487101,3,1,1,27,16,0,1,104,97,6
487102,3,0,2,29,16,0,0,109,116,6
487401,3,1,1,28,18,0,1,112,131,4
487602,3,1,2,24,12,0,0,122,108,4
488202,3,1,2,26,12,0,1,116,116,4
489901,3,0,1,22,12,1,1,104,99,3
489902,3,1,2,27,12,0,1,106,104,3
491001,3,0,1,25,16,0,1,100,113,4
491903,3,1,3,23,12,0,0,82,117,3
492003,3,0,3,20,14,0,0,103,118,6
492501,3,1,1,26,12,0,1,116,126,5
492502,3,0,2,28,12,0,1,112,111,5
492701,3,1,1,27,16,0,1,125,99,5
493002,3,0,2,21,13,0,0,97,118,5
493003,3,1,3,27,13,0,0,90,97,5
493802,3,1,2,25,13,0,1,108,116,4
495201,3,0,1,23,12,0,1,103,109,4
495202,3,0,2,28,12,1,0,103,107,4
495301,3,0,1,21,13,0,1,113,97,2
495302,3,1,2,22,13,0,1,119,135,2
495304,3,0,4,28,13,0,1,116,105,2
495401,3,1,1,28,18,0,1,107,119,6
495601,3,1,1,26,16,0,1,108,119,5
495702,3,0,2,21,10,0,0,100,109,2
495801,3,1,1,24,10,0,1,135,106,1
496202,3,0,2,21,13,0,0,99,102,4
497101,1,0,1,28,12,0,0,108,112,4
497202,3,1,2,28,13,0,1,93,112,5
497203,3,0,3,29,13,0,1,98,101,5
497302,3,1,2,23,15,0,1,118,105,6
497303,3,0,3,25,15,0,1,107,112,6
497304,3,1,4,26,15,0,1,116,110,6
497305,3,0,5,28,15,0,1,116,110,6
497601,3,1,1,24,15,0,1,119,128,4
497602,3,1,2,26,15,0,1,119,122,4
498102,1,0,2,20,14,0,0,90,89,4
498402,3,1,2,29,12,0,1,103,126,4
499101,1,0,1,28,15,0,1,116,135,4
499301,3,0,1,23,13,0,1,114,96,4
499302,3,0,2,26,13,0,1,92,103,4
499501,3,1,1,28,16,0,1,100,118,4
499701,3,1,1,23,15,0,1,95,86,5
499702,3,1,2,24,15,0,1,107,93,5
499703,3,1,3,28,15,0,1,91,95,5
499902,3,0,2,27,16,0,1,117,106,5
499903,3,1,3,29,16,0,1,114,109,5
501401,3,0,1,22,10,0,0,111,102,4
501402,3,0,2,27,10,0,0,107,118,4
501501,3,0,1,25,12,0,0,116,113,4
501502,3,1,2,27,12,0,0,116,94,4
502301,3,1,1,29,18,0,1,109,135,4
502601,1,1,1,31,14,0,1,108,126,4
502801,3,1,1,30,17,0,0,104,116,4
502802,3,0,2,33,17,0,0,110,115,4
503201,3,0,1,26,12,0,1,116,125,3
503701,3,0,1,25,14,0,1,94,116,3
504101,1,0,1,26,12,0,1,120,128,4
504102,1,0,2,27,12,0,1,128,128,4
505901,2,1,1,25,14,0,0,97,107,3
505902,2,1,2,31,14,0,0,93,126,3
506403,3,1,3,24,9,0,1,107,118,5
506404,3,0,4,27,9,0,1,105,93,5
506601,3,1,1,25,18,0,1,89,119,4
506902,3,1,2,22,7,0,0,114,113,3
508502,2,0,2,27,12,0,0,105,117,3
509001,2,0,1,25,11,1,0,97,92,3
509601,3,1,1,26,18,0,1,126,135,5
509901,3,0,1,21,16,0,1,111,131,4
509902,3,0,2,27,16,0,1,126,135,4
510301,3,0,1,24,12,0,1,87,105,4
510302,3,1,2,27,12,0,1,100,106,4
510702,3,1,2,24,19,0,1,116,119,4
510703,3,0,3,27,19,0,1,103,121,4
510802,3,0,2,27,16,0,1,109,118,4
511401,3,1,1,25,14,0,1,108,135,6
511402,3,1,2,30,14,0,1,116,123,6
511501,3,0,1,26,12,0,1,101,112,5
511502,3,0,2,30,12,0,1,92,105,5
511503,3,1,3,32,12,0,1,98,113,5
512302,3,0,2,25,12,0,1,97,97,4
512504,3,1,4,31,14,0,1,135,103,6
512701,3,1,1,25,12,0,1,116,122,3
513402,3,0,2,22,15,0,1,107,109,7
513403,3,1,3,26,15,0,1,115,120,7
514301,1,1,1,23,17,0,1,112,97,4
514302,1,0,2,28,17,0,1,88,118,4
515102,3,1,2,25,13,0,0,114,131,3
515201,3,0,1,26,10,0,1,87,115,5
515202,3,1,2,28,10,0,1,105,118,5
515203,3,1,3,29,10,0,1,97,109,5
516201,3,0,1,26,12,0,1,128,107,4
516202,3,0,2,28,12,0,1,96,91,4
516301,3,1,1,26,13,0,1,119,103,3
517601,3,0,1,31,12,0,1,112,123,2
517901,3,1,1,21,12,0,1,113,106,3
518001,3,1,1,20,12,0,1,120,128,4
518002,3,1,2,22,12,0,0,107,128,4
518003,3,0,3,24,12,0,1,121,105,4
518901,3,1,1,22,10,0,1,95,104,4
518902,3,0,2,27,10,0,1,79,86,4
519503,3,1,3,30,12,0,1,82,109,5
519803,1,1,3,31,12,0,1,113,101,5
519902,3,0,2,28,15,0,1,100,112,3
520801,3,1,1,29,12,1,1,113,119,5
520802,3,1,2,32,12,1,1,106,91,5
520901,3,0,1,22,11,0,1,93,88,4
520902,3,1,2,23,11,0,1,101,93,4
521401,3,1,1,26,17,0,1,115,114,5
521402,3,0,2,27,17,0,1,112,113,5
521602,3,0,2,21,11,0,1,84,74,3
521903,3,0,3,21,10,0,0,93,99,1
522403,3,1,3,32,12,0,1,102,103,5
523101,3,1,1,21,12,0,1,97,103,4
523102,3,0,2,24,12,0,1,122,96,4
523201,3,1,1,20,13,0,0,87,91,4
523202,3,1,2,25,13,0,0,103,108,4
523203,3,0,3,28,13,0,0,93,101,4
524702,3,0,2,24,12,0,1,100,121,4
525601,3,1,1,25,13,0,0,82,74,5
526402,3,0,2,28,12,1,0,102,106,5
526501,3,1,1,26,12,0,1,95,102,5
527203,3,1,3,26,12,0,0,105,90,6
527204,3,0,4,28,12,0,0,99,100,6
527601,3,1,1,28,11,0,0,82,92,3
527701,3,1,1,26,13,0,0,104,105,4
527702,3,0,2,28,13,0,0,113,122,4
528002,3,0,2,21,12,0,0,82,85,4
528303,3,0,3,30,11,0,0,93,94,3
528304,3,0,4,31,11,1,0,98,101,3
528502,3,1,2,23,12,0,0,97,100,4
528603,3,0,3,22,10,0,0,97,103,4
528801,3,1,1,27,12,0,1,84,85,4
528802,3,1,2,31,12,0,0,100,98,4
528901,3,1,1,26,16,0,1,107,103,4
528902,3,0,2,28,16,0,0,108,100,4
529503,3,0,3,31,17,0,1,113,98,5
529801,3,0,1,22,12,0,1,113,114,6
529802,3,0,2,23,12,0,1,102,92,6
529803,3,1,3,26,12,0,1,81,79,6
529804,3,0,4,27,12,0,1,87,97,6
529901,3,0,1,27,16,0,0,131,126,7
529902,3,0,2,29,16,0,0,110,122,7
529903,3,1,3,30,16,0,1,102,113,7
530101,3,0,1,22,12,0,1,98,115,4
530102,3,0,2,26,12,1,0,108,107,4
530501,3,1,1,25,12,0,1,97,100,4
530502,3,1,2,29,12,0,1,88,86,4
530801,3,0,1,22,12,0,1,99,89,4
530802,3,0,2,25,12,0,1,86,107,4
531001,3,1,1,27,18,0,1,104,109,4
531002,3,1,2,29,18,0,1,102,109,4
531401,3,1,1,26,14,0,1,98,110,6
531402,3,1,2,28,14,0,1,112,121,6
531701,3,1,1,21,12,0,1,111,104,7
531702,3,1,2,23,12,0,0,123,116,7
532601,3,1,1,31,16,0,1,102,99,4
532701,3,0,1,25,12,0,1,106,108,5
532702,3,0,2,27,12,0,1,118,103,5
532703,3,0,3,31,12,0,1,112,123,5
532801,3,0,1,24,12,0,1,91,99,5
532802,3,1,2,28,12,0,0,110,74,5
532803,3,0,3,31,12,0,0,88,111,5
533001,3,0,1,23,14,0,1,122,111,4
533002,3,1,2,25,14,0,1,86,80,4
533003,3,1,3,27,14,1,1,115,99,4
533203,3,0,3,24,15,0,0,91,93,7
533205,3,0,5,29,15,0,0,105,104,7
533303,3,1,3,27,12,0,1,117,122,5
534101,3,1,1,23,16,0,1,118,118,5
534902,3,0,2,26,13,0,1,102,105,5
534903,3,1,3,34,13,0,1,83,108,5
535501,3,1,1,30,16,0,0,106,108,3
536003,3,1,3,21,13,0,0,102,104,3
536902,3,0,2,25,13,0,1,110,117,4
537001,3,1,1,23,12,0,1,82,93,4
537002,3,1,2,26,12,0,1,106,108,4
537201,3,0,1,26,16,0,1,116,115,4
537202,3,1,2,29,16,0,1,112,91,4
537301,3,0,1,26,16,0,1,113,128,6
537302,3,1,2,28,16,0,1,100,118,6
537401,3,1,1,21,16,0,1,120,107,4
537402,3,0,2,26,16,0,1,105,98,4
537602,3,0,2,26,12,0,0,107,128,3
537801,3,0,1,20,13,0,1,104,116,4
537802,3,1,2,22,13,0,1,100,113,4
538101,3,1,1,23,16,0,1,126,103,3
538102,3,0,2,26,16,0,1,105,108,3
538701,3,0,1,26,16,0,1,100,98,6
538801,3,1,1,29,16,0,1,78,101,4
538901,3,0,1,29,17,0,1,112,112,4
538902,3,0,2,32,17,0,1,120,128,4
539702,3,0,2,26,15,0,1,102,114,5
539703,3,1,3,29,15,0,1,97,119,5
540604,3,0,4,26,16,0,1,97,102,6
540605,3,0,5,28,16,0,1,111,106,6
540801,3,1,1,21,12,0,0,122,120,4
540802,3,1,2,24,12,0,0,100,105,4
540903,3,1,3,26,9,0,1,100,107,5
542103,3,0,3,25,12,1,1,108,100,6
542104,3,0,4,26,12,0,1,121,120,6
542401,3,1,1,24,12,0,1,116,103,4
542402,3,1,2,27,12,0,0,102,135,4
542702,3,0,2,25,13,0,1,98,105,5
542703,3,0,3,29,13,0,1,93,121,5
543601,3,0,1,27,12,0,0,102,107,5
543602,3,1,2,28,12,0,0,93,92,5
544501,3,1,1,23,14,0,1,116,115,4
544502,3,0,2,26,14,0,0,109,135,4
545201,3,0,1,28,11,0,0,100,122,4
545301,3,0,1,28,13,0,0,107,99,3
545402,3,0,2,24,12,0,0,82,86,4
546401,2,1,1,22,13,0,1,96,122,3
546504,2,1,4,24,11,0,0,100,101,6
546505,2,0,5,30,11,0,0,95,102,6
546602,2,0,2,27,12,0,0,118,135,4
546702,2,1,2,23,12,0,0,65,77,7
546703,2,1,3,24,12,0,0,79,89,7
546704,2,0,4,27,12,0,0,88,107,7
546902,3,1,2,21,6,0,0,90,78,4
547201,3,0,1,27,12,1,0,102,118,2
547801,3,1,1,28,12,0,0,122,126,3
548301,2,1,1,29,15,0,1,111,92,4
548501,2,0,1,21,16,0,0,97,111,2
550201,3,0,1,24,12,0,1,117,109,3
550802,3,0,2,31,12,0,0,110,104,4
551101,3,1,1,29,14,0,1,113,104,4
551102,3,1,2,32,14,0,1,93,111,4
551801,2,0,1,19,13,0,0,84,105,2
551802,2,1,2,21,13,0,1,89,103,2
552402,3,0,2,27,12,0,0,112,115,3
552601,3,0,1,31,8,0,1,109,108,4
552802,3,1,2,27,12,0,0,131,131,4
553701,2,0,1,24,12,0,1,95,90,4
553702,2,0,2,26,12,0,0,94,97,4
554401,3,0,1,31,12,0,0,77,82,3
554802,3,1,2,23,14,0,1,116,98,3
555002,3,0,2,25,12,0,1,105,105,3
555101,3,0,1,26,12,0,0,105,114,3
555502,3,1,2,27,11,0,0,109,112,3
556002,3,0,2,28,12,0,1,100,105,5
556101,3,0,1,20,11,0,0,77,95,2
556801,3,1,1,26,14,0,1,97,95,3
557401,3,0,1,26,12,0,0,104,122,2
557601,3,0,1,24,10,0,0,104,107,3
558102,3,0,2,24,12,0,1,95,82,3
558302,3,1,2,27,11,0,0,100,107,4
558903,3,1,3,26,9,0,0,110,90,5
558904,3,0,4,27,9,0,0,114,85,5
559602,3,0,2,31,18,0,1,123,126,4
560601,3,0,1,22,12,1,0,105,106,4
560602,3,0,2,29,12,1,0,100,97,4
560901,3,1,1,21,9,1,0,115,80,4
560902,3,1,2,26,9,0,0,93,77,4
561204,2,0,4,23,13,0,0,106,99,7
561401,2,1,1,19,12,0,0,97,121,5
561402,2,1,2,21,12,0,0,93,90,5
561403,2,0,3,23,12,0,0,95,95,5
561901,2,0,1,22,12,0,0,100,88,5
561902,2,0,2,24,12,0,0,95,92,5
562401,3,1,1,24,17,0,1,114,107,4
562702,3,0,2,25,14,0,1,82,102,5
563102,2,0,2,23,13,0,1,107,86,6
563103,2,0,3,24,13,0,0,98,104,6
563104,2,0,4,25,13,0,0,104,105,6
563401,2,0,1,25,12,0,0,75,82,2
564003,2,0,3,28,12,0,1,99,106,4
564702,2,0,2,19,12,0,1,96,99,4
564703,2,1,3,23,12,0,1,116,123,4
564804,3,1,4,25,13,0,1,107,107,6
565201,3,1,1,28,12,0,1,102,109,3
565202,3,0,2,30,12,0,1,105,110,3
565601,3,1,1,27,14,0,1,118,116,4
565602,3,1,2,33,14,0,1,94,88,4
565701,3,1,1,25,16,0,0,104,109,3
568702,3,0,2,22,11,0,1,95,105,5
568703,3,1,3,27,11,0,1,74,77,5
569001,1,1,1,32,18,1,1,105,123,3
569501,3,0,1,26,17,0,1,122,109,5
569502,3,0,2,32,17,0,1,115,107,5
569503,3,0,3,35,17,0,1,123,109,5
570201,3,0,1,30,13,0,0,122,123,4
570703,3,0,3,26,12,0,1,96,107,5
570801,3,0,1,30,14,0,1,113,107,5
570802,3,0,2,33,14,0,1,100,91,5
571201,3,1,1,28,12,0,1,82,97,4
571303,3,1,3,21,11,0,1,119,105,6
571304,3,0,4,27,11,0,1,89,91,6
571501,3,1,1,25,12,0,1,78,81,5
571502,3,1,2,30,12,0,1,93,99,5
572002,1,0,3,24,13,0,0,111,123,3
572801,1,0,1,25,16,0,0,122,121,7
572802,1,1,2,29,16,0,0,108,103,7
572803,1,1,3,31,16,0,0,111,102,7
572901,1,0,1,27,13,0,1,97,110,6
572902,1,1,2,28,13,0,1,104,135,6
572903,1,0,3,29,13,0,1,96,105,6
574005,1,0,5,34,10,0,0,101,111,4
574101,1,1,1,25,12,1,0,105,107,6
574102,1,0,2,27,12,0,0,96,106,6
574402,1,0,2,28,14,0,1,107,100,4
574602,1,1,2,23,13,0,0,107,120,5
574603,1,0,3,26,13,0,1,106,98,5
576601,1,1,1,21,13,0,1,91,103,4
576602,1,0,2,27,13,0,1,116,102,4
576701,1,1,1,22,12,0,1,85,121,4
577301,1,1,1,21,10,0,0,84,95,5
577302,1,0,2,28,10,0,1,93,74,5
577303,1,1,3,29,10,0,0,102,115,5
577402,1,0,2,24,10,0,1,82,84,3
578001,1,1,1,24,9,1,0,92,101,6
578002,1,1,2,28,9,0,0,69,81,6
578102,1,1,2,23,11,0,0,118,111,5
579002,1,0,2,29,12,0,0,114,113,4
579304,1,1,4,23,14,0,0,99,102,6
579902,1,1,2,26,12,0,0,100,110,4
580602,1,1,2,23,9,0,1,95,89,7
581101,1,0,1,26,14,0,1,116,119,2
581201,1,1,1,26,14,1,0,99,94,4
581202,1,0,2,29,14,0,0,97,106,4
581303,1,1,3,31,6,0,0,93,117,6
581901,1,1,1,26,6,0,0,84,102,4
581902,1,1,2,29,6,0,0,84,83,4
582001,1,1,1,25,15,0,1,105,113,6
582003,1,1,3,28,15,0,0,69,69,6
582102,1,0,2,34,14,0,1,125,121,4
583402,1,1,2,26,14,0,1,100,97,5
583403,1,0,3,28,14,0,1,103,98,5
584403,1,0,3,26,12,0,0,100,109,5
585503,1,0,3,27,9,0,0,88,115,5
586103,1,1,3,22,14,0,1,82,126,5
586202,1,1,2,21,12,0,0,96,135,5
587002,1,1,2,26,12,0,1,102,116,5
587003,1,1,3,30,12,0,1,100,116,5
587303,1,1,3,26,13,0,1,95,85,5
588302,1,1,2,27,12,0,0,87,101,4
590603,2,1,3,29,10,0,0,98,91,3
591904,2,0,4,31,13,0,1,93,105,4
593203,2,0,3,22,12,0,1,84,135,5
593204,2,0,4,24,12,0,0,102,97,5
593205,2,0,5,26,12,0,0,112,126,5
593206,2,1,6,28,12,0,0,81,97,5
593601,2,0,1,22,8,0,0,110,113,4
594103,2,0,3,30,12,0,0,97,102,3
595104,2,0,4,23,10,0,0,97,85,6
595702,2,1,2,20,12,0,0,97,94,4
596504,2,1,4,22,12,0,1,94,98,6
597303,2,0,3,26,14,1,0,101,135,6
597304,2,1,4,28,14,0,0,92,88,6
597602,2,1,2,21,14,0,1,109,99,4
597701,2,1,1,27,16,0,1,116,104,2
598001,2,1,1,24,13,0,0,107,121,3
598002,2,0,2,27,13,0,1,114,108,3
598501,2,0,1,28,14,0,1,98,92,4
598502,2,1,2,30,14,0,1,82,94,4
598602,2,1,2,27,12,0,0,113,121,4
599802,2,0,2,32,16,0,1,110,117,5
599804,2,1,4,35,16,0,1,110,135,5
600202,2,0,2,25,12,1,0,65,65,4
600203,2,0,3,28,12,1,0,94,94,4
600302,2,0,2,21,14,0,1,104,102,3
600502,2,0,2,24,12,0,0,91,121,5
600503,2,0,3,27,12,0,0,100,93,5
600702,2,1,2,21,11,0,0,74,65,3
600703,2,1,3,23,11,0,0,78,69,3
602201,2,0,1,25,9,0,1,92,92,2
602303,2,0,3,23,13,0,0,93,81,7
602801,2,0,1,27,15,0,0,95,111,3
602802,2,0,2,28,15,0,0,102,111,3
603003,2,0,3,22,11,0,0,65,69,5
603101,2,0,1,30,18,0,0,102,105,4
603304,2,0,4,22,10,0,0,94,75,1
603602,2,1,2,25,16,0,0,91,91,5
604003,2,1,3,24,12,0,0,65,75,5
604004,2,0,4,25,12,0,1,79,91,5
604607,2,0,7,27,8,0,0,89,100,8
604704,2,1,4,31,11,0,0,103,95,3
604804,2,0,4,25,12,0,0,65,89,5
604901,2,0,1,25,14,0,0,103,95,4
604902,2,1,2,28,14,0,0,90,104,4
605301,2,1,1,24,16,0,0,116,110,5
605302,2,1,2,27,16,0,0,116,121,5
606602,2,0,2,28,12,0,1,107,126,3
606903,2,0,3,29,10,0,0,131,118,3
606904,2,1,4,33,10,1,0,91,90,3
607202,2,0,2,25,12,0,0,104,123,4
607203,2,1,3,29,12,0,0,107,100,4
607401,2,1,1,23,12,0,1,98,116,9
607402,2,1,2,25,12,0,1,77,84,9
608201,2,0,1,31,16,0,1,98,105,5
608202,2,0,2,33,16,0,1,88,121,5
608301,2,1,1,26,12,1,0,88,95,3
610703,2,0,3,20,11,0,0,78,82,8
610704,2,0,4,23,11,0,1,89,120,8
610705,2,0,5,24,11,0,0,100,104,8
610706,2,0,6,26,11,0,0,98,97,8
611402,2,0,2,27,15,0,0,107,91,6
611403,2,1,3,33,15,0,0,102,113,6
611802,2,0,2,32,12,0,1,97,91,3
611904,2,1,4,24,10,0,0,86,82,5
613201,2,1,1,25,15,0,1,114,89,4
613402,2,1,2,26,12,0,0,77,83,5
615102,2,0,2,31,11,1,0,103,88,4
615103,2,1,3,33,11,1,0,103,103,4
615401,2,0,1,31,10,0,0,95,92,2
615901,2,0,1,20,15,0,1,111,118,2
616103,2,0,3,30,12,0,0,113,128,5
616301,2,0,1,23,14,0,1,95,105,5
616802,2,1,2,24,12,0,0,114,118,4
616803,2,0,3,27,12,0,0,107,118,4
617402,2,1,2,27,12,1,0,110,85,3
618102,2,0,2,22,11,0,0,100,112,3
618501,2,0,1,33,15,0,1,105,110,3
621002,2,0,2,23,15,0,0,99,111,5
621003,2,0,3,29,15,1,0,98,101,5
621501,2,1,1,29,13,0,0,100,107,4
621701,2,1,1,24,12,0,0,110,114,5
622301,2,0,1,24,12,1,0,105,101,5
622302,2,1,2,26,12,0,0,103,102,5
622303,2,0,3,27,12,1,0,120,100,5
622703,2,0,3,26,13,0,1,80,105,3
623801,2,0,1,24,16,0,0,91,102,3
623802,2,1,2,28,16,0,0,93,85,3
623902,2,0,2,30,12,0,0,103,103,4
624302,2,0,2,26,13,0,0,82,100,3
624501,2,1,1,25,14,0,0,95,97,4
624502,2,0,2,26,14,0,0,97,101,4
624503,2,0,3,27,14,1,0,97,104,4
625502,2,1,2,22,20,1,0,93,94,4
625803,2,0,3,26,9,0,0,93,79,4
625804,2,0,4,32,9,0,0,89,94,4
626201,2,1,1,23,16,0,0,114,113,4
626202,2,0,2,28,16,0,0,113,112,4
627002,2,1,3,27,15,1,1,113,102,6
627003,2,1,2,27,15,1,1,98,94,6
627401,2,1,1,25,13,0,0,89,105,7
627402,2,1,2,26,13,0,1,113,121,7
627403,2,0,3,28,13,0,1,94,102,7
627701,2,0,1,25,15,0,0,107,113,5
627702,2,0,2,28,15,0,0,91,104,5
627803,2,0,3,26,16,0,1,81,95,7
627804,2,1,4,30,16,0,0,84,94,7
628204,2,0,4,21,11,0,0,96,78,12
628205,2,1,5,22,11,0,1,88,77,12
628206,2,0,6,24,11,1,0,65,80,12
628207,2,0,7,26,11,0,0,93,100,12
628402,2,0,3,27,9,1,1,96,102,4
628901,2,1,1,21,18,0,0,94,84,7
628902,2,0,2,24,18,0,1,99,86,7
628903,2,0,3,25,18,0,1,97,97,7
628904,2,1,4,27,18,0,1,89,100,7
629303,2,1,3,23,12,0,1,92,88,5
629304,2,0,4,26,12,0,0,82,81,5
629305,2,1,5,28,12,0,0,85,93,5
629403,2,1,3,23,12,0,0,65,69,5
629404,2,1,4,29,12,0,0,103,99,5
629501,2,0,1,24,15,0,0,69,77,4
629502,2,1,2,27,15,0,0,91,92,4
629602,2,0,2,21,13,0,0,93,98,4
629603,2,1,3,26,13,0,0,95,95,4
629704,2,1,4,26,8,0,0,65,65,4
629901,2,1,1,26,16,0,1,123,135,4
629902,2,0,2,27,16,0,1,115,122,4
631202,2,0,2,23,12,0,0,101,102,4
631203,2,0,3,27,12,0,0,100,110,4
632203,2,0,3,29,12,0,0,94,117,6
632401,2,0,1,26,17,0,0,102,86,4
632705,2,1,5,22,9,0,0,90,84,8
632706,2,1,6,24,9,0,1,98,99,8
633401,2,1,1,26,16,1,0,79,77,4
633603,2,1,3,30,12,0,0,99,98,4
633702,2,1,2,33,15,0,0,107,114,3
633902,2,0,2,26,13,0,1,97,87,5
634503,2,0,3,28,12,0,0,100,105,5
634504,2,0,4,31,12,0,0,117,106,5
635602,2,0,2,21,11,0,0,107,105,6
635802,2,1,2,26,12,0,0,84,79,8
635803,2,0,3,28,12,1,0,99,93,8
636401,2,1,1,24,12,0,0,95,114,4
636402,2,1,2,26,12,0,0,65,65,4
636502,2,1,2,19,12,1,0,82,65,6
636503,2,1,3,21,12,0,0,79,83,6
636505,2,0,5,26,12,1,0,78,85,6
636602,2,0,2,24,14,0,0,89,97,3
636803,2,0,3,21,7,0,0,100,82,5
637002,2,1,2,24,12,0,0,92,115,5
637003,2,1,3,29,12,0,0,82,94,5
637105,2,1,5,29,10,0,0,89,79,10
637106,2,0,6,31,10,0,0,105,88,10
637107,2,1,7,32,10,0,0,91,79,10
637901,2,0,1,20,16,0,1,98,95,2
638702,2,0,2,28,12,0,0,89,83,4
639302,2,1,2,22,12,0,0,88,102,3
639403,2,1,3,26,7,0,0,85,82,5
639404,2,1,4,27,7,1,0,105,105,5
640702,2,0,2,23,11,0,0,112,93,4
640703,2,0,3,28,11,0,0,96,101,4
640801,2,1,1,31,12,1,0,72,94,10
641002,2,0,2,27,7,0,0,82,90,3
641603,2,0,3,28,8,0,0,93,107,4
642602,2,1,2,26,12,0,0,65,72,3
642902,2,1,3,21,10,1,0,93,87,6
642903,2,1,2,21,10,1,0,89,83,6
642904,2,0,4,22,10,0,0,97,103,6
643402,2,1,2,25,12,0,0,77,90,6
643403,2,1,3,32,12,1,0,72,79,6
644201,2,1,1,21,12,0,0,95,72,5
644202,2,1,2,22,12,0,0,80,78,5
644203,2,0,3,24,12,0,1,92,105,5
644502,2,1,2,19,8,0,0,80,86,6
644503,2,1,3,22,8,0,0,89,89,6
644504,2,1,4,25,8,0,0,98,93,6
644805,2,1,5,29,10,0,0,95,97,7
644807,2,1,7,33,10,0,0,97,108,7
644901,2,0,1,24,8,0,0,69,75,4
645002,2,0,2,28,12,0,0,95,97,2
645501,2,0,1,22,13,0,1,103,114,5
645502,2,1,2,24,13,0,0,112,114,5
645503,2,1,3,27,13,0,0,131,108,5
645701,2,1,1,29,13,1,0,81,93,4
646101,2,0,1,23,12,0,0,90,97,3
647001,2,1,1,28,16,0,0,88,100,5
647201,2,0,1,22,13,1,0,107,110,5
647202,2,1,2,25,13,1,0,96,100,5
647203,2,0,3,27,13,1,0,103,88,5
648203,2,0,3,25,10,0,0,65,78,5
648204,2,1,4,27,10,0,0,65,69,5
648205,2,0,5,30,10,1,0,72,86,5
648501,2,1,1,28,16,0,1,110,102,3
648901,2,0,1,22,14,0,0,104,110,2
651605,2,1,5,25,11,1,0,93,87,7
660501,2,1,1,23,13,0,0,114,105,4
664501,2,1,1,29,15,0,1,113,108,4
664701,2,1,1,30,14,0,1,91,121,4
665101,1,0,1,21,9,1,0,74,78,2
665201,1,1,1,25,12,0,1,116,135,5
665802,1,1,2,25,11,1,0,97,77,3
665803,1,0,3,31,11,0,0,98,94,3
666201,1,1,1,24,12,0,0,97,112,5
666601,2,1,1,28,12,0,0,122,118,2
667102,2,1,2,23,12,1,1,94,84,6
667403,1,0,3,28,16,0,1,105,116,5
667603,1,1,3,22,16,0,0,87,103,5
668403,2,0,3,31,11,0,1,103,115,3
669301,1,0,1,26,16,0,1,113,117,4
669302,1,1,2,29,16,0,1,100,95,4
670403,1,0,3,29,7,0,0,78,77,4
670902,2,0,2,22,11,0,0,82,79,5
671102,1,1,2,25,12,0,0,103,100,4
674101,1,0,1,27,12,1,0,119,123,3
674201,1,1,1,24,11,0,0,108,112,6
674203,1,1,3,28,11,0,0,110,121,6
674501,1,0,1,22,11,0,0,89,135,3
674502,1,1,2,24,11,0,0,79,97,3
674904,2,1,4,26,13,1,1,65,97,5
675202,2,0,2,25,12,0,1,100,94,6
675203,2,0,3,26,12,0,1,102,88,6
675502,2,0,2,25,12,0,0,105,100,3
677303,1,1,3,29,8,0,0,65,69,4
677404,1,1,4,30,14,0,1,123,107,5
677405,1,0,5,31,14,0,1,82,97,5
678001,1,1,1,21,9,0,0,80,103,2
678704,1,0,4,31,9,0,0,112,97,3
680702,1,1,2,22,12,0,0,113,105,5
681601,1,0,1,27,16,0,1,107,107,4
681602,1,0,2,28,16,0,1,108,111,4
682502,1,0,2,25,9,0,1,65,85,3
683901,2,0,1,28,16,0,1,116,114,5
683902,2,1,2,30,16,0,1,128,105,5
684201,2,0,1,27,19,0,1,135,121,5
685806,2,0,6,21,10,0,0,79,77,11
686202,2,0,2,27,15,0,1,98,90,6
686203,2,0,3,31,15,0,1,98,97,6
687601,2,1,1,21,17,0,1,109,105,3
687602,2,1,2,25,17,0,1,116,111,3
688101,2,0,1,26,12,0,0,105,109,3
688501,1,1,1,22,12,0,1,89,74,4
689002,1,0,2,27,7,0,1,99,101,4
689101,1,1,1,23,10,0,1,103,111,4
689102,1,0,2,27,10,0,1,95,122,4
690101,2,1,1,28,14,0,0,99,82,3
691301,2,1,1,29,16,0,1,113,105,4
693901,1,0,1,34,12,0,0,111,101,4
695002,2,1,2,24,12,0,0,80,91,4
695202,2,0,2,22,12,0,0,98,88,3
695301,2,1,1,21,13,0,1,97,106,5
695302,2,1,2,22,13,0,0,107,115,5
695303,2,0,3,27,13,0,0,114,114,5
695701,2,0,1,28,12,0,0,83,104,3
695702,2,0,2,30,12,0,0,100,97,3
696704,2,0,4,29,11,0,0,90,94,7
696705,2,0,5,30,11,0,0,98,107,7
696706,2,0,6,31,11,0,0,79,98,7
697102,2,1,2,26,15,0,0,113,119,4
699201,2,0,1,21,14,0,0,95,87,4
699202,2,0,2,24,14,0,0,110,89,4
699203,2,1,3,27,14,0,0,80,107,4
700002,2,0,2,26,12,0,0,84,84,4
700003,2,0,3,29,12,1,0,65,74,4
704602,1,1,2,19,10,0,0,93,114,5
704603,1,1,3,24,10,0,0,100,102,5
704902,1,0,2,23,11,0,1,106,131,4
706502,2,1,3,25,13,1,0,83,82,4
707301,2,0,1,21,12,0,0,82,82,4
707302,2,1,2,26,12,0,0,90,102,4
707303,2,1,3,28,12,0,0,90,92,4
707402,2,0,2,27,16,0,0,77,97,5
707501,2,0,1,27,16,0,0,102,114,4
707502,2,0,2,30,16,0,0,115,119,4
708401,2,1,1,28,18,0,1,131,135,5
708402,2,1,2,29,18,0,1,116,118,5
708403,2,0,3,32,18,0,1,106,118,5
708601,2,1,1,30,16,0,1,103,107,5
708602,2,1,2,31,16,0,1,100,101,5
710201,2,1,1,25,16,0,1,111,112,3
710202,2,0,2,26,16,0,1,110,123,3
710502,2,1,2,29,17,1,1,79,103,4
711502,2,1,2,21,13,0,1,104,114,3
712301,2,0,1,24,13,0,0,87,111,4
712302,2,0,2,25,13,0,0,65,95,4
712402,2,1,2,27,12,0,1,69,88,3
712703,2,0,3,25,11,0,1,86,104,7
713701,2,1,1,32,14,0,0,131,114,3
713803,2,1,3,27,12,0,0,92,102,3
713901,2,1,1,24,10,0,0,79,83,5
713902,2,0,2,25,10,0,0,86,85,5
713903,2,0,3,28,10,0,0,65,65,5
714402,1,1,2,25,10,0,0,82,69,3
714601,2,1,1,23,12,0,1,107,117,5
714602,2,0,2,28,12,0,1,105,111,5
714801,2,1,1,26,15,0,1,95,108,3
714802,2,0,2,28,15,0,1,103,109,3
715202,2,1,2,24,13,0,1,92,91,5
715203,2,1,3,29,13,0,1,107,105,5
715804,2,1,4,30,10,0,0,108,109,6
716001,2,1,1,25,14,0,0,108,93,6
716302,2,0,2,26,13,0,0,99,97,6
716303,2,1,3,31,13,0,0,92,94,6
716304,2,1,4,33,13,1,0,114,101,6
716601,2,0,1,28,20,0,0,116,120,4
717003,2,1,3,29,12,0,0,93,65,3
717101,2,0,1,31,10,0,0,87,105,10
717903,2,0,3,23,12,0,0,95,93,5
718301,2,0,1,23,12,1,0,92,95,5
718302,2,0,2,25,12,0,1,94,84,5
718303,2,0,3,27,12,1,0,91,86,5
718402,2,0,2,23,11,0,1,98,93,6
718403,2,1,3,25,11,0,1,94,90,6
718601,2,1,1,21,12,0,1,65,65,3
718902,2,0,2,28,12,0,0,92,97,4
718903,2,1,3,30,12,0,0,93,109,4
719401,2,1,1,21,12,0,0,77,107,3
719802,2,0,2,22,13,0,0,113,117,5
719803,2,0,3,27,13,0,0,100,122,5
721501,2,1,1,22,14,0,0,77,74,4
721705,2,1,5,24,10,1,0,80,88,7
721706,2,1,6,32,10,0,1,72,104,7
722004,2,1,4,23,12,0,0,92,122,4
722401,2,0,1,29,12,0,0,89,99,2
722601,2,0,1,23,11,0,0,87,86,4
722801,2,0,1,22,11,0,0,87,86,5
722802,2,0,2,27,11,1,0,81,94,5
723501,1,0,1,27,7,0,0,97,95,5
723502,1,0,2,28,7,0,0,103,91,5
724101,1,0,1,28,13,0,1,104,112,4
724403,1,1,3,21,9,0,0,107,103,4
724501,1,0,1,30,16,0,1,97,103,3
724701,1,0,1,22,13,0,1,96,100,2
725603,2,1,3,21,11,0,0,96,104,5
725901,2,1,1,21,10,0,0,107,119,6
725903,2,1,3,24,10,1,0,74,93,6
727503,2,0,3,23,12,0,0,101,92,5
727602,2,0,2,20,14,0,0,104,100,8
728501,2,1,1,25,16,0,1,100,109,5
728502,2,0,2,27,16,0,1,96,103,5
728601,2,0,1,28,18,0,1,103,104,4
730401,2,1,1,25,13,0,0,100,93,4
730402,2,1,2,30,13,0,0,84,79,4
731602,1,0,2,33,13,0,1,108,115,4
731701,2,1,1,25,13,1,0,65,65,4
731702,2,1,2,27,13,0,0,92,105,4
732302,2,0,2,23,11,0,0,101,82,4
732404,2,1,4,24,11,0,1,86,74,7
732405,2,0,5,25,11,0,1,107,106,7
732406,2,1,6,28,11,0,1,88,115,7
732502,2,1,2,19,14,0,0,115,117,3
732503,2,1,3,24,14,0,0,94,98,3
732504,2,0,4,26,14,0,0,90,89,3
737702,2,1,2,33,12,0,1,99,106,3
738201,2,1,1,23,11,0,0,94,108,5
738802,2,0,2,23,16,0,1,99,99,4
738902,2,1,2,25,14,0,1,102,103,6
738903,2,0,3,27,14,0,1,107,113,6
739001,2,1,1,23,11,0,1,99,98,5
739002,2,1,2,24,11,0,1,83,99,5
739102,2,0,2,26,12,0,0,108,100,3
739301,2,0,1,33,16,0,1,109,105,3
739401,2,1,1,26,13,0,0,108,111,3
743002,1,0,2,27,9,0,1,131,106,4
743602,2,0,2,25,14,0,0,74,88,3
743701,2,0,1,28,16,0,0,92,103,2
743803,2,0,3,23,12,1,0,65,65,5
743902,2,1,2,23,12,0,0,104,88,4
744103,2,0,3,25,9,0,0,84,112,6
744601,2,1,1,28,12,0,0,84,65,4
744802,2,0,2,24,11,0,0,80,114,6
744803,2,0,3,25,11,0,0,69,92,6
744804,2,1,5,27,11,0,0,100,98,6
744805,2,1,4,27,11,0,0,97,95,6
744902,2,1,2,27,12,0,0,109,91,5
745103,2,0,3,29,13,0,1,107,128,6
745503,2,0,3,25,8,0,0,94,96,6
745504,2,1,4,29,8,0,0,75,86,6
745505,2,1,5,30,8,0,0,111,87,6
745901,2,1,1,26,9,0,0,82,95,6
745902,2,0,2,30,9,1,0,86,105,6
746201,2,0,1,21,12,0,1,93,113,5
746202,2,0,2,23,12,0,1,96,110,5
746203,2,1,3,24,12,0,1,85,94,5
746403,2,0,3,27,12,0,0,87,94,4
746404,2,0,4,29,12,0,1,97,107,4
747004,2,1,4,25,14,0,1,109,108,6
747901,2,0,1,24,12,0,0,82,108,3
747902,2,1,2,28,12,0,0,107,112,3
748003,2,1,3,25,13,0,0,104,102,5
748502,2,1,2,22,12,0,1,107,105,5
749201,2,0,1,21,12,0,0,89,82,2
749403,2,0,3,26,12,0,0,104,100,5
749603,2,0,3,23,11,0,0,93,106,4
749701,2,1,1,24,14,0,0,105,107,3
750002,2,0,2,26,12,0,0,92,93,3
750104,2,0,4,27,11,0,0,80,100,6
750105,2,0,5,28,11,0,0,102,103,6
750303,2,0,3,28,12,0,0,103,97,6
751801,2,0,1,22,11,0,0,86,86,3
751802,2,1,2,28,11,0,0,97,119,3
752002,2,1,2,23,10,0,0,84,84,4
752003,2,0,3,25,10,0,0,111,100,4
752402,2,0,2,27,12,0,0,75,75,5
752403,2,0,3,28,12,0,0,65,65,5
752404,2,1,4,30,12,0,0,95,72,5
752501,2,1,1,29,12,0,0,102,95,4
754803,2,1,3,25,10,0,0,90,85,4
754804,2,0,4,27,10,0,0,65,72,4
757501,1,1,1,32,14,0,1,106,111,4
757802,2,1,2,26,17,0,0,65,111,4
758501,1,0,1,23,10,1,0,94,123,2
759802,2,1,2,22,15,0,0,105,110,4
760102,1,0,2,28,16,0,1,97,122,5
760103,1,0,3,33,16,0,1,100,113,5
760301,1,1,1,30,17,0,1,110,117,4
760601,2,0,1,23,14,0,1,87,86,3
761701,2,0,1,20,12,0,0,89,100,3
761702,2,0,2,25,12,0,0,100,116,3
762203,2,1,3,28,12,0,1,115,105,4
762602,2,0,2,25,15,0,0,96,88,3
764503,2,0,3,21,11,0,0,95,87,3
765202,2,1,2,20,14,0,0,90,107,3
765502,2,1,2,23,12,0,0,106,135,5
765503,2,1,3,25,12,0,0,120,112,5
765702,2,0,2,28,13,0,0,100,118,4
766202,2,0,2,27,12,0,0,102,92,4
767002,2,0,2,25,12,0,0,89,100,4
767003,2,1,3,26,12,1,0,101,85,4
767201,2,0,1,26,12,0,1,82,107,2
767301,2,0,1,19,12,0,0,98,131,5
767801,2,0,1,26,20,0,1,85,106,4
767802,2,0,2,27,20,0,1,102,117,4
768401,1,1,1,24,13,0,1,114,102,5
768402,1,1,2,28,13,0,1,89,107,5
768503,2,1,3,27,12,0,0,99,85,5
768701,2,0,1,31,15,0,1,126,118,4
768801,2,1,1,21,13,0,0,88,93,4
768802,2,0,2,23,13,0,0,103,104,4
768902,2,1,2,26,16,0,0,88,114,4
769101,2,0,1,31,17,0,0,101,113,3
769402,2,1,2,24,13,0,0,94,83,5
769403,2,0,3,27,13,0,0,94,104,5
769502,2,1,2,24,15,0,0,110,112,5
769503,2,1,3,26,15,1,0,95,107,5
770801,2,1,1,27,16,1,1,135,135,2
775002,1,0,2,26,14,0,1,118,113,5
775003,1,1,3,28,14,0,1,122,117,5
778801,1,0,1,27,12,0,0,99,114,4
779101,1,0,1,26,12,0,0,90,103,4
779602,2,1,2,27,12,0,0,97,104,9
780403,1,0,4,26,10,1,0,90,93,6
780404,1,0,3,26,10,1,0,87,98,6
780602,2,1,2,27,12,0,0,109,112,5
780603,2,1,3,29,12,0,0,89,101,5
781501,2,0,1,26,12,1,0,90,88,5
781902,2,0,2,28,12,0,0,89,108,8
782002,2,1,2,24,10,0,0,114,101,4
782501,1,1,1,25,13,0,1,112,102,4
782502,1,0,2,27,13,0,1,104,111,4
782801,1,1,1,22,5,0,1,112,113,5
782902,1,0,2,30,12,0,1,107,107,3
783002,1,1,2,22,12,0,0,97,100,6
783102,1,0,2,22,12,0,0,94,82,5
783103,1,1,4,23,12,1,0,82,69,5
783104,1,0,3,23,12,1,0,82,65,5
783301,1,1,1,24,14,0,1,121,88,4
783601,2,1,1,23,12,0,0,115,131,4
783602,2,0,2,24,12,0,0,97,100,4
784901,2,0,1,20,12,1,0,102,131,4
785101,2,1,1,22,12,0,0,75,91,3
785601,2,0,1,25,12,0,0,103,105,5
785602,2,0,2,28,12,0,0,97,101,5
786402,1,0,2,25,12,0,1,112,107,4
786403,1,0,3,27,12,0,0,103,112,4
786904,1,0,4,23,11,0,0,101,74,7
786905,1,1,5,28,11,0,0,79,77,7
788302,1,1,2,30,12,0,1,77,94,6
789102,1,0,2,28,14,0,0,99,114,3
792704,1,1,4,26,12,0,0,95,81,5
793001,1,0,1,25,13,1,1,109,126,5
793002,1,1,2,26,13,0,1,88,90,5
793003,1,0,3,28,13,0,0,102,82,5
793101,1,1,1,26,9,0,1,118,122,4
793303,2,1,3,33,14,0,0,99,111,3
793805,2,0,5,20,12,0,0,75,88,5
794301,1,0,1,27,12,0,1,77,119,3
794502,1,0,2,22,11,0,1,74,98,7
794503,1,1,3,24,11,0,1,83,97,7
794901,1,0,1,23,11,0,0,98,105,4
794902,1,1,2,25,11,0,0,107,81,4
795001,1,1,1,22,12,0,0,105,104,2
795201,1,0,1,24,9,0,0,88,74,3
797103,1,1,3,26,10,1,1,69,75,7
797104,1,1,4,28,10,0,0,82,91,7
797105,1,0,5,30,10,0,1,88,94,7
797301,1,1,1,28,14,0,0,104,107,4
797402,1,0,2,25,10,0,0,110,103,4
798001,1,1,1,30,20,0,1,107,104,5
798002,1,1,2,33,20,0,1,109,103,5
798003,1,0,3,35,20,0,1,118,135,5
798302,1,0,2,30,12,0,1,105,89,4
798502,1,1,2,22,12,0,1,99,105,4
798801,1,1,1,27,15,0,0,83,82,3
799402,1,0,2,23,10,0,1,82,99,5
799403,1,0,3,25,10,0,0,103,122,5
799801,1,0,1,34,16,0,1,106,109,5
800003,2,0,3,27,16,0,1,110,119,5
800105,1,1,5,26,10,0,1,97,118,3
800602,1,0,2,30,12,0,0,110,109,5
802301,1,1,1,19,10,0,0,112,113,3
803301,2,0,1,27,15,0,1,82,105,3
803401,2,0,1,25,16,0,1,112,108,5
804402,2,1,2,23,14,0,0,113,105,6
804403,2,1,3,25,14,0,1,128,113,6
804801,1,1,1,19,12,0,1,99,95,3
804802,1,1,2,23,12,0,0,103,95,3
804902,2,1,2,26,13,0,1,112,118,4
805907,1,0,7,26,6,0,0,65,69,5
805908,1,1,8,31,6,0,0,81,77,5
806101,1,1,1,24,11,0,1,107,100,3
807801,2,1,1,28,16,0,1,111,119,4
809103,1,1,3,25,4,0,1,72,82,6
809104,1,1,4,32,4,0,1,79,84,6
810201,1,0,1,22,6,0,0,95,111,4
810202,1,0,2,26,6,0,0,107,92,4
811001,1,0,1,28,14,0,1,78,108,4
811002,1,0,2,33,14,0,1,69,82,4
811302,1,1,2,24,13,0,0,86,85,5
811402,1,0,3,22,10,0,1,98,88,5
811403,1,1,4,23,10,0,1,79,65,5
814003,1,1,3,22,11,0,0,99,97,5
814102,1,1,2,27,11,0,0,126,108,6
814801,1,1,1,21,12,0,1,120,106,3
814802,1,1,2,25,12,0,1,110,123,3
815201,1,0,1,27,16,0,1,97,105,4
815202,1,0,2,29,16,0,1,111,131,4
815301,1,1,1,29,14,1,1,123,110,3
816001,1,0,1,25,12,0,0,93,101,3
816901,1,1,1,26,14,0,0,99,86,3
816902,1,1,2,28,14,0,0,92,105,3
817404,1,0,4,26,8,0,1,89,108,5
817601,1,1,1,25,14,0,0,90,90,5
817801,1,1,1,24,11,0,1,104,84,3
817802,1,1,2,29,11,0,1,82,86,3
818101,1,0,1,27,12,0,1,93,96,4
818102,1,1,2,29,12,0,1,100,118,4
819303,1,0,3,26,12,0,1,135,109,5
821005,2,0,5,31,10,0,0,83,95,2
821202,2,1,2,27,16,0,1,118,103,3
822602,1,1,2,28,16,0,1,119,113,5
822603,1,0,3,31,16,0,1,125,122,5
823502,1,1,2,28,13,0,1,103,107,7
823503,1,0,3,33,13,0,1,93,100,7
825703,1,1,3,30,16,0,1,84,100,5
825902,1,0,2,27,5,0,1,86,86,5
825903,1,1,3,29,5,0,0,105,82,5
826003,1,1,3,30,12,0,0,92,74,5
826004,1,0,4,31,12,0,0,79,88,5
826404,1,1,4,30,8,0,1,96,95,5
826501,1,0,1,30,12,0,1,99,87,7
826502,1,0,2,31,12,0,0,95,92,7
826503,1,0,3,32,12,0,0,107,105,7
826504,1,0,4,34,12,0,1,91,101,7
826902,1,0,2,23,12,0,0,69,65,5
826903,1,1,3,28,12,0,0,92,85,5
827902,1,1,2,29,14,0,0,92,112,4
828603,1,1,3,29,12,0,0,114,105,7
828604,1,1,4,32,12,0,0,107,105,7
828902,2,1,2,28,11,0,0,65,94,7
828903,2,1,3,29,11,0,0,95,105,7
829401,1,1,1,21,13,0,1,88,103,6
829603,1,1,3,23,10,0,0,103,82,6
829604,1,0,4,24,10,0,0,65,65,6
829803,1,0,3,29,3,0,1,85,87,6
829804,1,1,4,33,3,0,1,111,100,6
830505,1,1,5,27,6,0,1,90,82,11
830506,1,0,6,29,6,0,1,78,95,11
830507,1,1,7,31,6,0,1,89,89,11
831501,1,0,1,25,12,0,1,75,82,3
831702,1,0,2,20,9,0,1,99,97,4
831902,1,1,2,24,12,0,0,106,119,5
833002,1,0,2,29,12,0,0,107,101,4
833401,1,0,1,21,12,0,1,77,78,4
834303,1,1,3,24,13,0,1,103,103,5
834304,1,0,4,26,13,0,1,116,99,5
834502,1,0,2,27,12,0,0,99,108,4
834601,1,1,1,23,20,0,1,98,122,4
835201,1,1,1,25,14,1,0,69,92,4
835304,1,1,4,26,7,0,0,99,95,6
835703,1,1,3,24,13,0,1,92,93,6
835903,1,0,3,22,9,0,0,93,93,6
835904,1,0,5,28,9,0,1,82,93,6
835905,1,0,4,28,9,0,1,69,93,6
837401,1,0,1,24,13,0,0,94,90,4
837502,1,0,2,28,12,0,1,94,103,5
837503,1,1,3,32,12,0,1,93,108,5
837504,1,1,4,34,12,0,1,89,97,5
837601,1,0,1,27,12,0,1,74,89,7
837602,1,0,2,28,12,0,0,78,94,7
837603,1,1,3,31,12,0,0,69,65,7
837604,1,0,4,32,12,0,0,75,94,7
838302,1,1,2,27,12,0,0,100,98,3
838902,1,1,2,25,13,0,0,104,88,4
838903,1,0,3,31,13,0,0,107,116,4
839102,1,0,2,26,12,1,1,96,98,5
839103,1,1,3,29,12,0,1,95,81,5
839302,1,1,2,30,11,0,1,103,108,5
839502,1,0,2,27,16,0,1,128,107,5
839503,1,1,3,29,16,0,1,125,103,5
839801,1,1,1,23,12,0,0,91,110,3
840703,1,0,3,29,12,0,0,99,101,3
841301,1,1,1,26,12,0,1,87,90,4
841302,1,0,2,29,12,0,1,93,95,4
841701,2,0,1,28,17,0,1,131,135,5
842201,2,0,1,23,14,0,0,91,115,6
842202,2,0,2,24,14,0,0,84,96,6
842203,2,0,3,28,14,0,0,112,125,6
842204,2,1,4,30,14,0,0,106,109,6
842801,2,1,1,30,16,0,1,93,103,3
843202,2,0,2,22,13,0,0,91,84,4
846301,2,0,1,24,16,0,1,122,120,2
847502,2,1,2,27,12,0,0,81,82,4
847701,2,1,1,21,12,0,0,118,111,5
847902,2,1,2,26,11,0,0,93,100,4
848002,2,1,2,24,12,0,0,110,114,5
848201,2,0,1,31,14,0,0,107,114,2
848302,2,1,2,25,13,1,0,95,96,3
848401,2,1,1,25,16,0,0,103,107,4
848804,2,1,4,27,17,0,1,108,135,6
849202,2,1,2,25,14,0,0,86,109,4
849203,2,1,3,29,14,0,0,89,122,4
849402,2,0,2,31,12,0,0,103,112,4
850002,2,1,2,22,12,0,0,100,82,3
850301,2,1,1,22,12,0,0,116,102,3
850302,2,0,2,25,12,0,0,95,101,3
851003,2,1,3,20,12,0,0,92,97,1
851004,2,1,4,22,12,0,0,90,78,1
851302,2,1,2,28,14,0,0,114,116,3
853202,2,0,2,22,12,0,1,107,125,5
853903,2,1,3,34,12,0,1,99,119,2
855801,2,1,1,22,12,0,0,100,128,4
855802,2,0,2,27,12,0,0,113,128,4
856102,2,0,2,21,12,0,0,87,103,5
856104,2,1,4,24,12,1,0,103,116,5
856801,2,0,1,23,12,0,0,111,115,3
857002,2,0,2,20,11,0,0,87,87,5
857003,2,1,3,21,11,0,0,86,96,5
857904,2,1,4,32,12,0,0,111,128,4
858003,2,0,3,26,12,0,0,88,94,3
859803,2,1,3,27,8,0,0,91,77,5
859804,2,0,5,29,8,1,0,93,107,5
859805,2,0,4,29,8,1,0,93,109,5
860002,2,0,2,25,10,0,0,83,81,5
861201,2,0,1,26,12,0,0,85,95,5
861503,2,1,3,27,11,0,0,104,116,7
861504,2,0,4,33,11,0,1,106,121,7
861803,2,0,3,28,12,0,0,101,91,4
861804,2,0,4,31,12,0,0,77,87,4
861901,2,0,1,24,16,1,0,77,83,2
863101,2,1,1,23,12,0,0,79,72,4
863102,2,1,2,27,12,0,0,97,95,4
863403,2,1,3,29,12,0,1,95,112,6
863404,2,1,4,31,12,0,1,103,102,6
863801,2,1,1,25,17,0,0,100,109,6
863802,2,0,2,31,17,0,0,82,107,6
863902,2,0,2,23,12,0,0,92,88,5
864301,2,0,1,20,12,0,0,82,96,4
864302,2,0,2,29,12,0,0,102,113,4
864801,2,0,2,23,14,0,0,97,90,4
864802,2,1,3,26,14,0,1,112,88,4
865202,2,0,2,24,12,0,0,102,103,4
865203,2,1,3,26,12,0,0,118,119,4
865802,2,1,2,30,12,0,0,98,112,4
866205,2,0,5,24,11,1,0,100,88,6
866206,2,1,6,25,11,0,0,78,97,6
866402,2,0,2,29,14,0,1,101,93,5
866403,2,0,3,31,14,0,1,112,108,5
866502,2,0,2,22,12,0,0,101,88,2
867501,2,1,1,29,16,0,1,109,118,5
867502,2,0,2,34,16,0,1,131,135,5
869004,2,0,4,24,12,1,0,88,65,6
869202,2,1,2,25,11,0,0,65,74,5
869203,2,1,3,27,11,0,0,87,107,5
869402,2,0,2,22,16,0,0,125,116,4
869701,2,1,1,28,18,0,1,93,80,2
870502,1,0,2,23,9,0,1,86,95,3
870503,1,1,3,24,9,0,1,86,99,3
870603,1,1,3,25,12,0,0,113,108,5
870604,1,1,4,26,12,0,0,103,102,5
875901,1,1,1,26,16,0,1,128,109,4
875902,1,0,2,29,16,0,1,97,98,4
879403,2,1,3,27,12,0,1,128,106,7
885301,1,1,1,26,14,0,1,105,113,4
885402,1,0,2,26,9,0,0,84,100,2
885801,1,1,1,23,14,0,0,110,101,5
885802,1,0,2,26,14,0,0,77,88,5
886101,1,1,1,22,17,0,1,104,105,5
886401,1,0,1,22,14,0,1,135,107,4
886703,1,1,3,24,12,0,0,77,92,6
887003,1,1,3,22,11,0,1,105,89,5
888501,1,1,1,28,16,0,1,109,116,5
888903,1,0,3,29,12,1,0,95,135,5
889002,1,0,2,26,12,0,0,87,97,4
889602,1,0,2,30,16,0,1,100,98,4
889901,1,0,1,24,9,0,0,78,93,6
890402,1,0,2,27,20,0,0,101,111,4
891001,1,0,1,21,13,0,1,103,123,4
891202,1,1,2,27,13,0,0,105,95,4
891301,1,1,1,23,13,0,1,118,102,2
891602,1,0,2,33,12,0,0,104,100,4
892001,1,0,1,19,12,0,0,99,104,3
892002,1,1,2,26,12,0,0,101,90,3
892603,1,1,3,22,11,0,1,95,102,7
893202,1,1,2,22,12,0,0,86,81,4
893802,1,0,2,25,14,0,0,98,100,5
893803,1,1,3,30,14,0,0,94,77,5
893901,1,1,1,23,15,0,0,121,135,4
894001,1,0,1,27,14,0,1,102,104,5
894201,1,0,1,22,13,0,1,96,115,6
894202,1,1,2,26,13,0,1,102,91,6
894602,1,1,2,24,14,0,0,78,82,4
894802,1,1,2,19,9,0,1,100,105,7
894803,1,1,3,26,9,0,0,87,85,7
894804,1,1,4,27,9,0,0,86,103,7
894902,1,0,2,21,10,0,1,89,83,5
895302,1,1,2,20,12,0,1,97,99,5
895303,1,0,3,24,12,0,1,102,103,5
895502,1,0,2,22,6,0,0,80,89,4
896202,2,1,2,25,13,0,0,94,109,4
896501,1,0,1,29,12,0,0,89,100,4
897001,2,0,1,23,14,0,0,95,114,7
897402,2,1,2,27,13,0,1,95,95,3
898201,2,1,1,26,12,0,1,97,99,2
898502,2,1,2,23,13,0,0,88,82,4
899602,2,1,2,27,12,0,0,103,116,5
899603,2,0,3,29,12,0,1,102,120,5
903302,2,1,2,25,12,0,0,98,82,4
903502,2,1,2,27,15,0,0,65,65,5
903503,2,1,3,30,15,0,0,80,82,5
903702,2,1,2,26,12,0,0,97,117,4
903703,2,1,3,31,12,0,0,83,92,4
904002,2,1,2,21,12,0,0,92,102,5
904003,2,0,3,27,12,0,0,90,101,5
904503,2,0,3,29,16,0,0,98,98,4
904805,2,1,5,24,12,1,0,98,77,9
905003,2,1,3,29,9,0,0,78,105,3
905701,2,0,1,19,12,0,0,82,95,6
905702,2,0,2,22,12,0,0,91,110,6
905703,2,1,3,27,12,0,0,103,98,6
906702,2,0,2,24,14,0,1,120,110,4
907001,2,0,1,22,12,0,0,97,116,6
907002,2,0,2,24,12,0,0,93,99,6
908102,2,1,2,23,11,0,0,98,78,8
908103,2,1,3,25,11,0,0,99,92,8
909501,2,0,1,26,12,0,0,105,84,3
910001,2,0,1,21,14,0,0,82,98,4
910003,2,1,3,28,14,0,0,103,106,4
910902,2,0,2,21,12,0,0,99,90,5
911701,2,1,1,26,14,0,1,123,113,4
911702,2,0,2,30,14,0,0,108,105,4
913401,1,1,1,30,16,0,1,94,112,4
913402,1,1,2,32,16,0,1,98,114,4
914401,1,0,1,25,12,0,1,103,135,5
914402,1,0,2,26,12,0,1,115,126,5
914403,1,0,3,28,12,0,1,97,102,5
918203,2,0,3,25,12,0,1,97,99,5
919202,2,0,2,26,12,0,0,100,97,3
920502,2,1,2,22,12,0,0,65,65,4
920602,2,1,2,20,10,0,0,97,72,3
921403,1,0,3,25,9,0,0,98,87,6
921404,1,0,4,26,9,0,0,95,95,6
922301,1,1,1,26,12,0,1,103,117,4
922901,1,0,1,22,14,0,1,104,105,5
923402,1,0,2,23,12,0,0,80,103,3
925503,1,0,3,24,15,1,0,98,111,4
925504,1,0,4,27,15,1,0,78,115,4
925601,1,1,1,24,12,0,1,114,111,4
925703,1,0,3,25,12,0,0,109,113,5
927203,1,1,3,27,9,0,1,77,65,4
927304,1,0,4,29,9,0,0,82,77,5
927503,1,0,3,22,8,0,0,69,93,6
927504,1,1,4,24,8,0,0,105,108,6
927802,1,0,2,22,12,0,0,84,82,4
931202,1,1,2,29,14,0,1,98,105,2
931703,2,1,3,27,15,0,1,103,111,6
931704,2,0,4,29,15,0,1,122,92,6
932502,2,1,2,31,14,0,1,65,105,4
933601,2,1,1,31,13,0,0,84,88,3
933702,2,1,2,32,12,0,0,89,106,4
934101,2,0,1,27,15,0,0,97,118,4
934102,2,0,2,28,15,0,0,114,102,4
934201,2,0,1,22,16,0,0,86,103,4
934402,1,1,2,25,14,0,0,100,111,3
934903,1,0,3,27,12,0,1,89,106,5
934904,1,0,4,29,12,0,1,95,103,5
935402,1,1,2,32,13,1,0,83,98,5
937102,1,0,2,23,10,0,0,88,107,3
937404,1,0,4,26,3,0,0,114,106,6
938001,1,1,1,25,13,0,0,105,114,4
938002,1,0,2,26,13,0,0,98,102,4
938103,1,1,3,27,14,0,0,115,114,5
938204,1,0,4,26,5,0,1,65,81,6
938401,1,0,1,24,9,0,1,87,92,7
938802,1,0,2,22,11,0,0,98,116,5
938803,1,0,3,24,11,0,0,96,103,5
940102,2,1,2,29,20,0,0,113,88,3
940103,2,1,3,32,20,0,0,102,97,3
941302,2,1,2,28,10,0,0,104,100,3
941601,1,0,1,27,16,0,1,100,116,6
941602,1,0,2,29,16,0,1,122,89,6
942101,2,1,1,30,16,0,1,107,107,4
942102,2,1,2,32,16,0,0,96,95,4
943401,1,1,1,25,9,0,0,86,95,5
943402,1,0,2,27,9,0,0,92,112,5
944103,2,1,3,29,14,0,1,103,114,4
948702,1,0,2,30,14,0,0,102,96,4
951604,1,0,4,21,8,0,0,97,97,6
951605,1,0,5,23,8,0,0,92,79,6
952102,2,0,2,30,12,0,0,100,113,4
952303,2,1,3,23,15,0,0,96,90,7
952305,2,1,5,30,15,0,0,95,99,7
952903,1,1,3,26,4,0,1,89,103,4
953601,2,1,2,28,13,1,0,104,94,3
953602,2,1,1,28,13,1,1,99,90,3
953703,1,1,3,22,10,0,0,86,69,7
953704,1,0,4,24,10,0,0,88,103,7
955702,2,0,2,31,14,0,0,94,97,3
956001,2,1,1,27,14,1,0,91,97,2
956701,2,0,1,25,13,0,0,95,105,3
957805,1,1,5,30,13,0,1,74,112,7
957901,1,0,1,26,12,0,0,87,102,4
958201,2,0,1,30,14,0,1,118,114,4
960901,2,0,1,23,12,0,0,89,94,3
961902,1,1,2,28,13,0,0,116,135,3
962702,1,1,2,25,13,1,1,96,80,4
963201,1,0,1,23,12,0,1,96,123,4
964001,2,0,1,24,14,0,1,111,113,4
964401,1,0,1,31,13,0,1,100,112,5
964402,1,0,2,34,13,0,0,109,105,5
964804,1,1,4,26,10,0,0,92,78,5
966001,1,1,1,28,13,0,1,119,113,3
966002,1,1,2,30,13,0,1,116,123,3
966101,1,0,1,25,12,0,1,97,128,4
966102,1,1,2,30,12,0,0,92,107,4
967603,2,0,3,27,16,0,0,91,107,3
968001,2,1,1,21,13,0,0,89,102,5
968002,2,0,2,23,13,0,0,99,103,5
968003,2,1,3,26,13,0,0,86,107,5
968402,2,0,2,23,13,0,0,128,135,3
970702,2,1,2,29,17,0,0,110,108,4
976502,2,0,2,27,12,1,0,88,92,4
976803,2,1,3,31,14,0,0,89,90,6
977202,1,1,2,23,12,0,1,106,107,7
977203,1,1,3,27,12,0,1,112,120,7
977802,1,1,2,27,11,0,1,135,135,2
977803,1,1,3,28,11,0,0,131,135,2
978402,1,1,2,21,13,0,0,90,113,5
978403,1,1,3,22,13,0,1,115,110,5
978901,1,1,1,22,12,0,1,120,108,5
978903,1,1,3,26,12,0,1,111,106,5
979001,1,1,1,24,12,0,1,116,114,5
979002,1,0,2,26,12,0,1,109,110,5
981102,1,1,2,26,11,0,1,87,97,4
981703,1,1,3,27,11,0,1,86,79,5
982001,1,0,1,25,19,0,1,82,87,3
983001,1,1,1,21,15,0,1,110,98,5
983202,1,1,2,25,12,0,0,104,102,4
983701,1,0,1,19,13,0,1,98,77,6
983702,1,0,2,21,13,0,1,97,99,6
983703,1,0,3,25,13,0,1,109,112,6
983803,1,0,3,30,14,0,1,93,105,5
983902,1,0,2,23,14,0,1,103,117,5
983903,1,1,3,26,14,0,0,109,107,5
984002,1,1,2,22,15,0,0,100,107,6
984003,1,0,3,23,15,1,0,97,107,6
984403,1,1,3,24,13,0,1,98,114,7
984404,1,1,4,27,13,0,0,105,108,7
984501,1,1,1,26,11,0,1,100,119,5
984502,1,0,2,28,11,0,1,110,101,5
984503,1,1,3,29,11,0,1,105,93,5
985803,1,1,3,28,12,0,0,100,110,5
986203,1,1,3,27,14,0,0,104,86,5
986505,1,1,5,27,10,0,0,113,123,3
987001,1,1,1,20,12,1,0,92,84,5
987002,1,1,2,23,12,0,0,110,109,5
987003,1,1,3,27,12,0,0,98,99,5
987401,2,0,1,25,11,0,1,87,110,5
987701,2,1,1,22,12,0,0,88,90,4
987702,2,0,2,29,12,0,1,98,112,4
988702,1,1,2,28,11,0,0,108,85,3
989201,1,0,1,20,13,0,1,89,106,6
989501,1,0,1,24,13,0,1,82,91,5
989502,1,1,2,26,13,0,0,97,101,5
989901,1,0,1,31,13,0,1,116,107,3
989902,1,1,2,34,13,0,1,106,105,3
992502,1,1,2,25,12,1,1,113,104,4
993503,1,0,3,23,13,0,0,109,111,6
993504,1,0,4,25,13,0,0,97,89,6
993801,1,0,1,22,13,0,0,101,104,6
993802,1,0,2,23,13,0,0,111,90,6
993803,1,1,3,26,13,0,0,100,103,6
993804,1,1,4,27,13,0,0,72,82,6
993901,1,0,1,32,16,0,0,103,117,4
994503,1,0,3,27,6,0,0,112,102,6
994504,1,1,4,34,6,0,1,90,79,6
994801,1,1,1,26,12,0,1,103,120,3
995101,2,0,1,21,12,0,1,69,86,5
995102,2,1,2,22,12,0,1,69,77,5
995103,2,1,3,26,12,0,0,103,97,5
995301,1,0,1,25,11,0,1,95,98,6
997002,2,0,2,27,13,0,1,88,98,6
997003,2,1,3,30,13,0,1,98,90,6
997202,1,0,2,29,12,0,1,90,103,6
997402,1,0,2,23,9,0,0,110,95,5
997403,1,0,3,26,9,0,0,115,97,5
997801,1,1,1,28,11,0,1,102,79,4
998003,1,0,3,27,11,0,1,96,87,8
998004,1,1,4,31,11,0,1,92,79,8
998005,1,0,5,32,11,0,1,85,97,8
998201,1,0,1,25,13,0,1,75,98,5
998202,1,0,2,26,13,0,1,86,104,5
998203,1,1,3,28,13,0,0,72,79,5
998602,2,1,2,25,11,0,1,88,65,5
998603,2,1,3,28,11,0,1,80,86,5
998604,2,1,4,33,11,0,1,69,98,5
999201,1,0,1,22,16,0,1,85,100,7
999202,1,1,2,26,16,0,0,100,104,7
999203,1,1,3,27,16,0,1,96,101,7
999501,1,1,1,21,12,0,1,107,104,4
999502,1,1,2,25,12,0,1,109,90,4
999702,2,1,2,24,12,0,0,93,69,5
999703,2,1,3,27,12,0,0,88,79,5
1000002,2,1,2,21,11,0,1,83,92,5
1000004,2,1,4,27,11,0,1,97,97,5
1000201,1,1,1,21,12,0,0,95,112,5
1000202,1,0,2,25,12,0,1,96,105,5
1000203,1,1,3,27,12,0,1,98,107,5
1000801,1,0,1,26,14,0,1,83,107,4
1000803,1,0,3,31,14,0,1,89,100,4
1001101,1,1,1,26,12,0,0,94,97,4
1001102,1,0,2,31,12,0,1,101,103,4
1002402,1,0,2,24,9,0,0,83,92,4
1002604,1,0,4,20,6,0,1,82,65,9
1002605,1,1,5,21,6,0,0,74,65,9
1002606,1,0,6,23,6,0,1,69,75,9
1002607,1,0,7,24,6,0,0,88,77,9
1003203,1,0,3,21,9,0,1,82,88,6
1003204,1,1,4,25,9,0,0,87,95,6
1003205,1,1,5,26,9,1,0,95,91,6
1003206,1,1,6,27,9,0,0,95,94,6
1003604,1,1,4,30,3,0,1,96,96,7
1003605,1,0,5,32,3,0,1,92,113,7
1004801,1,1,1,27,9,0,1,87,91,5
1004802,1,1,2,30,9,0,1,92,101,5
1004803,1,0,3,32,9,0,1,97,109,5
1004902,1,1,2,23,12,0,0,96,111,6
1004903,1,1,3,28,12,0,1,112,100,6
1005202,1,0,2,26,14,0,1,95,109,4
1005401,1,1,1,22,16,1,0,94,110,6
1007201,1,0,1,22,8,0,1,103,115,5
1007202,1,0,2,23,8,0,1,82,102,5
1007301,1,0,1,24,8,0,0,88,99,6
1007302,1,0,2,26,8,0,0,80,104,6
1007303,1,0,3,28,8,0,0,110,95,6
1007702,1,1,2,24,12,0,0,108,83,4
1007901,1,0,1,27,14,0,0,101,95,3
1011601,2,1,1,23,12,0,0,89,100,3
1012501,2,0,1,32,14,1,0,86,94,3
1013001,2,1,1,30,12,0,0,98,105,2
1013502,2,1,2,22,10,0,0,110,105,5
1013503,2,1,3,26,10,0,0,87,74,5
1016201,2,0,1,23,12,0,0,97,99,4
1017503,2,1,3,23,11,0,0,108,77,5
1018102,2,1,2,21,12,0,0,100,105,6
1018304,1,0,4,27,11,0,1,102,89,7
1018404,2,1,4,24,11,0,0,94,78,4
1018801,2,1,1,29,14,0,0,84,84,4
1019104,2,1,5,27,12,1,0,85,93,4
1019105,2,0,4,27,12,1,0,94,98,4
1020302,2,0,2,24,12,0,0,102,88,5
1021103,1,1,4,30,15,1,1,105,101,5
1022601,1,0,1,27,16,1,1,111,111,4
1022602,1,0,2,29,16,0,1,110,116,4
1022901,2,0,1,27,14,0,0,102,128,4
1023702,2,1,2,26,12,1,1,100,114,3
1023802,2,0,2,20,12,0,1,89,87,2
1030302,1,1,2,27,6,0,0,98,86,4
1030801,1,0,1,26,20,0,1,126,135,4
1030802,1,0,2,30,20,0,1,111,121,4
1030901,1,0,1,27,16,0,1,110,125,4
1031002,1,1,2,25,15,0,0,120,128,5
1031201,1,1,1,26,15,0,1,122,131,4
1031301,2,1,1,22,16,0,1,77,87,7
1031302,2,1,2,25,16,0,1,91,86,7
1032102,2,0,2,28,12,0,0,100,108,3
1032901,2,1,1,26,14,0,0,114,116,6
1032902,2,0,2,28,14,0,0,114,121,6
1033201,2,0,1,25,11,0,0,97,98,5
1033202,2,0,2,26,11,1,0,69,98,5
1033601,2,0,1,22,12,0,0,91,99,4
1033602,2,1,2,29,12,0,0,82,105,4
1035902,1,0,2,28,9,0,1,97,108,5
1035903,1,1,3,31,9,0,0,90,97,5
1036001,1,1,1,25,14,0,1,102,97,5
1036002,1,1,2,26,14,0,1,94,109,5
1036003,1,1,3,31,14,0,1,87,90,5
1037102,1,1,2,24,12,0,0,65,93,4
1037103,1,1,3,29,12,0,0,89,88,4
1037701,1,0,1,24,13,0,1,82,94,6
1037702,1,0,2,25,13,0,1,95,89,6
1037704,1,1,4,31,13,0,1,89,90,6
1037802,2,1,2,23,14,0,1,102,98,4
1037803,2,1,3,24,14,0,1,121,88,4
1037902,2,0,2,30,12,0,0,96,102,3
1040101,1,0,2,27,13,1,1,98,101,4
1040102,1,1,1,27,13,1,1,103,118,4
1040103,1,0,3,29,13,0,0,94,92,4
1042102,2,0,2,24,12,0,1,105,99,4
1042702,1,1,2,26,12,0,0,74,65,4
1043302,2,1,2,25,13,0,0,101,89,3
1043602,1,0,2,28,12,0,1,93,102,3
1044301,1,0,1,22,11,0,1,102,92,4
1044801,1,1,1,24,14,0,1,116,94,3
1045001,1,0,1,29,15,0,1,108,102,4
1045002,1,0,2,30,15,0,0,86,86,4
1045103,1,1,3,34,12,0,0,83,95,6
1047801,1,0,1,30,8,0,0,65,105,2
1048103,1,1,3,27,12,0,1,116,114,3
1048603,1,1,3,26,12,0,0,99,110,5
1050001,1,0,1,28,12,0,1,98,80,5
1050604,1,1,4,33,10,1,0,75,98,8
1050701,1,0,1,23,13,0,1,102,108,5
1050703,1,1,3,29,13,0,1,89,97,5
1051202,1,1,2,30,12,0,1,102,94,4
1051203,1,0,3,32,12,0,1,96,125,4
1051602,1,0,2,23,11,0,0,69,75,4
1052901,1,0,1,22,12,0,1,101,120,2
1053203,1,0,3,33,12,0,1,84,101,10
1053401,2,0,1,24,16,1,1,102,116,6
1053402,2,1,2,26,16,0,1,115,103,6
1053403,2,1,3,27,16,0,1,108,111,6
1053501,1,1,1,28,12,0,1,116,128,3
1053502,1,1,2,31,12,0,0,135,135,3
1053802,1,1,2,24,11,0,0,95,109,5
1053803,1,0,3,28,11,0,0,91,101,5
1054201,1,0,1,27,12,1,1,90,113,4
1056503,1,1,3,29,12,0,1,120,102,4
1057201,1,1,1,27,14,0,1,101,95,4
1057302,1,1,2,27,9,0,1,102,102,4
1058103,2,1,3,29,13,0,0,100,94,5
1130902,3,1,2,29,15,0,0,118,99,4
1137101,3,0,1,26,15,0,0,95,115,4
1176101,2,0,1,20,13,0,0,96,107,5
1176102,2,1,2,24,13,0,1,108,108,5
1176502,2,1,2,26,11,0,0,92,103,5
1176901,3,0,1,26,15,0,1,115,112,5
1176902,3,1,2,30,15,0,1,128,112,5
1177204,1,0,4,24,13,1,1,85,125,6
1177205,1,1,5,28,13,0,0,111,135,6
1177206,1,0,6,30,13,0,1,104,117,6
1177303,1,1,3,22,9,0,1,106,111,5
1177304,1,1,4,24,9,0,0,91,110,5
1177701,2,0,1,30,14,0,1,118,112,4
1177901,3,0,1,32,17,0,1,108,113,6
1178501,1,0,1,26,12,0,1,99,101,7
1178502,1,1,2,27,12,0,0,118,107,7
1178701,3,1,1,23,10,0,1,95,90,5
1178702,3,1,2,26,10,0,1,112,97,5
1178703,3,1,3,30,10,0,1,89,112,5
1179802,2,1,3,30,15,0,0,95,87,4
1179803,2,1,2,30,15,0,0,89,88,4
1180202,2,0,2,29,12,0,0,110,103,3
1180701,3,0,1,23,12,0,0,102,92,3
1180801,3,0,1,30,12,0,1,103,88,5
1181102,3,0,2,27,12,0,0,80,82,4
1181201,3,0,1,30,12,0,0,87,69,7
1181402,3,1,2,21,8,0,0,116,87,7
1181403,3,1,3,26,8,0,0,99,88,7
1181602,3,1,2,25,14,0,1,128,126,4
1181902,3,1,2,27,14,0,1,97,93,5
1181903,3,1,3,28,14,0,0,104,109,5
1181904,3,0,4,30,14,0,0,101,107,5
1183101,1,1,1,27,14,0,1,84,86,2
1183501,3,1,1,28,16,0,1,111,112,4
1183502,3,1,2,31,16,1,1,95,119,4
1183801,2,1,1,22,15,0,0,87,78,3
1183901,2,1,1,22,12,0,1,113,88,3
1183902,2,0,2,24,12,0,1,102,94,3
1184501,1,0,1,27,14,0,1,97,94,3
1184702,3,0,2,24,12,0,1,119,114,6
1184703,3,1,3,27,12,0,1,119,98,6
1184704,3,1,4,29,12,0,1,119,113,6
1185502,2,0,2,26,16,0,0,99,113,4
1185601,2,1,1,19,12,0,0,101,99,3
1185602,2,0,2,21,12,0,1,92,86,3
1187001,3,1,1,26,16,0,0,117,97,3
1187303,3,1,3,26,14,0,0,117,111,5
1187602,3,1,2,26,12,0,0,101,88,3
1187802,3,1,2,26,12,0,0,104,105,4
1187901,3,1,1,26,12,0,0,101,115,4
1187902,3,1,2,31,12,0,1,96,97,4
1189101,1,1,1,25,12,0,1,93,128,3
1189102,1,1,2,28,12,0,1,78,94,3
1189402,3,0,2,29,13,1,1,116,110,5
1189403,3,0,3,32,13,0,1,98,107,5
1189801,3,1,1,30,16,0,1,109,122,3
1189901,3,0,1,28,16,1,1,108,119,4
1190201,3,1,1,29,14,0,1,128,128,3
1190202,3,1,2,32,14,0,1,128,114,3
1190901,3,1,1,27,12,0,0,115,135,2
1191001,3,0,1,25,13,0,1,112,111,4
1191502,3,1,2,30,14,0,1,102,119,5
1191801,3,0,1,26,17,0,1,125,135,5
1191802,3,0,2,28,17,0,1,122,118,5
1192301,3,1,1,26,14,0,1,107,96,6
1192302,3,1,2,28,14,0,1,102,111,6
1193502,2,0,2,25,12,1,1,108,106,4
1194801,1,0,1,28,12,0,1,125,120,2
1195103,2,1,3,23,12,0,0,94,77,5
1195501,3,1,1,31,13,1,1,90,95,4
1197903,1,1,3,29,12,0,0,85,87,1
1198901,3,1,1,26,14,0,0,121,125,4
1198902,3,0,2,30,14,0,0,105,112,4
1199303,2,1,3,27,11,0,0,100,100,4
1200001,3,1,1,32,12,0,1,104,116,3
1200302,3,1,2,23,14,0,1,120,100,3
1200501,2,1,1,24,15,0,1,81,113,2
1201702,3,1,2,27,12,0,0,93,108,4
1201801,3,1,1,29,12,0,1,104,92,3
1201802,3,0,2,32,12,0,1,87,107,3
1202201,3,1,1,33,12,0,0,104,114,4
1202501,3,1,1,26,16,0,1,125,114,5
1202502,3,1,2,28,16,0,1,118,118,5
1202701,3,0,1,23,12,0,1,118,118,4
1202702,3,1,2,26,12,0,1,114,112,4
1202801,3,1,1,27,14,0,1,103,80,4
1203201,3,0,1,23,12,1,0,88,99,4
1203601,3,0,1,26,15,0,0,89,92,2
1203701,3,0,1,30,12,0,0,80,99,3
1204201,3,1,1,26,11,0,0,106,95,4
1204601,3,0,1,31,16,1,1,116,119,4
1205202,2,1,2,28,14,0,0,111,116,4
1205401,3,0,1,29,16,0,1,87,97,4
1205402,3,1,2,33,16,0,1,122,122,4
1205701,3,1,1,22,12,0,1,106,135,5
1205801,3,0,1,27,12,0,1,106,116,4
1206203,1,1,3,25,11,0,1,102,102,7
1206301,3,1,1,27,19,0,0,108,116,6
1206603,3,1,3,31,14,0,1,111,116,5
1207001,3,0,1,30,15,0,1,88,95,3
1207601,3,0,1,33,12,0,1,102,116,4
1208502,3,0,2,23,11,0,0,106,102,4
1208601,3,0,1,24,12,0,1,97,108,2
1209201,3,0,1,30,16,0,0,104,108,4
1210802,3,0,2,24,12,0,0,88,105,3
1211502,3,0,2,27,12,0,0,112,116,4
1211503,3,1,3,29,12,0,0,115,82,4
1211701,3,1,1,20,12,0,1,84,98,3
1212003,3,1,3,29,12,0,1,114,108,5
1212801,3,0,1,29,12,0,1,107,122,3
1213501,3,0,1,23,10,1,0,114,74,4
1213502,3,0,2,30,10,0,0,107,120,4
1213703,3,0,3,26,12,0,1,107,98,5
1214603,2,0,3,28,11,1,0,88,116,4
1216201,2,1,1,28,12,0,0,107,117,4
1216202,2,1,2,31,12,0,0,65,91,4
1217701,1,0,1,22,12,0,0,96,82,9
1217702,1,1,2,24,12,0,0,65,94,9
1217703,1,1,3,25,12,0,0,65,86,9
1217704,1,1,4,26,12,0,0,65,82,9
1217705,1,0,5,28,12,0,0,87,112,9
1218802,2,0,2,24,12,0,0,100,107,4
1219102,2,1,2,21,10,1,0,86,98,8
1219103,2,0,3,23,10,1,0,78,116,8
1219105,2,1,5,25,10,0,0,65,82,8
1219106,2,1,6,26,10,1,0,65,104,8
1219404,2,0,4,28,9,0,0,86,105,5
1220101,2,0,1,22,11,0,0,105,87,3
1220102,2,1,2,27,11,0,0,78,98,3
1221003,2,1,3,26,12,0,0,104,100,5
1221702,1,1,2,29,9,0,0,82,91,6
1222803,1,0,3,25,12,0,1,107,120,6
1225402,2,0,2,24,13,0,0,93,81,5
1227801,1,1,1,21,12,0,1,93,88,4
1228103,2,0,3,28,12,0,0,98,91,6
1229304,1,1,4,26,11,0,1,95,82,5
1230403,2,1,3,24,11,0,0,96,100,6
1230404,2,0,4,28,11,0,0,108,103,6
1251601,2,0,1,26,12,1,0,82,105,5
1255801,2,1,1,30,11,0,1,77,105,2
1256602,2,1,2,25,14,0,1,82,105,6
1256603,2,0,3,28,14,0,1,100,99,6
1256604,2,0,4,32,14,0,1,100,105,6
1266703,1,0,3,28,12,0,0,75,80,3